AMINO_ACID,frequency
leucine/isoleucine,1
Amino acid,44
amino acid,1230
Probes,14
amino acids,656
amino,50
amino acid residue 318,1
alanine,170
glutamine,52
Alanine,16
N473,3
Q492,1
subgenome-sized,2
amino acid diversity,4
amino acid residues 318â510,1
polyethylenimine,12
"amino acid sites (75,",1
ewe,1
5-methoxycarbonylmethyl-2-thiouridine,2
histidine,47
staphylococci,1
VRP-S,1
VRP-N vaccines,1
antisera,88
VRP-S vaccines,1
alkaline,7
6â10 blood samples,1
glycine,52
Podophyllum (,1
cysteine,218
Gln-89,1
Gln,23
amino acid composition,17
amino acid regions,1
5â²,131
Amino Acid Similarity,1
Glycyrrhizae radix Extract,1
Glycyrrhizae radix,1
Licorice,3
ribosomal,9
amino acid HIV-1,1
homocysteine,1
amino acid identities ranging,3
cat allergen,1
equine influenza,2
cysteine proteinase-octapeptide,1
amino acids and,1
arginine,58
amino acids A159,1
amino acid substitutions,25
urine,16
amino acids 379 to 423,1
Cysteine,3
serine,205
SUD-M,2
amino acid sites,9
Amino Acid,23
amino acid position,2
Amino Acids,4
amino acid region,3
PV capsid,1
amino terminal,8
Asn,8
Cys,32
miRNAs-17,1
amino acid preferences,1
amino acid substitution,19
"K128T,",1
P-2,1
juxtamembrane,3
lysine,24
Amino acids 483-610,1
M2e-MAP,1
amino acid accessory,1
ITAM-like,1
LD(50)/mL,1
Ser,18
Tyr,8
VH segments,1
amino terminal extracellular,1
VEEV-neutralizing antibody,1
amino acids (aa) 182â207,1
amino acids from 146 to 149 (,1
Ser38,1
amino terminal of peptide M14,1
amino acids among,1
S299,1
equine,20
amino acids of,11
ScriptCap,1
deoxyribose-Inosine,1
amino acids [aa] 47,2
woodchuck,6
woodchucks,2
GLA-SE,3
Vatches,1
VLP,23
tryptophan,1
asparagine,23
Dynamically-Driven,1
amino acid residue frequency appearing,1
leucine,41
amino acid fed,1
amino acid side chains,3
amino acids 86,1
amino acid exopeptidase,1
Scutellaria litwinowii inhibited the growth of malignant cells,1
Scutellaria litwinowii induced,1
Scutellaria litwinowii exerts,1
precore,1
NFÐºB/CREB-mediated,1
D123,1
K169,1
TMAdV-specific,1
23-amino acid repeat,1
Aloe barbadensis juice,1
amino acid ubiquitin,1
(C+G)(3)%,1
TGF-Î²(1,1
amino acid (aa) N-terminal,1
amino acids (aa) 133â343,1
vaccine formulations,3
HRV-B.,5
calf,121
vaccine immunogens based,2
Double-Membrane,1
stem-loop-2-like,1
DEF201,1
amino acids) parts,1
amino acid transporter,8
amino acid 230,1
amino acid (AA),3
antiâHIV-1,1
rosmaricine,1
"Amino Acids,",1
tyrosine,66
valine,11
Cryptosporidium,18
rimantadine,6
trifoliated leaves with 2-3,1
prequeuosine,1
amino acids (aa,4
amino acids Biology,1
Leucine,3
goat,18
Tyr-442,1
ST36,1
Ninety-one-day-old,1
amino acids 326â349,1
Sia,20
interferon-Î³,28
Amino acids 294â298,1
Amino acids 393â395,1
DM-USPIO,1
urine samples,4
S450588,1
alanine aminotransferase,4
Calves,9
Spearmanâs Ï,1
amino vs carboxy,1
âUpper,1
amino acid identity,20
IgA,8
possibleâup,1
inâhospital,1
amino acids 157â165,1
wine,4
industryâs,2
Nile red,2
amino acid residue,14
amino acid peptide,3
amino acid (aa),13
amino acid identities of,2
amino acid (Y549H),1
GUE,1
temperature-arrested,1
medetomidine,10
Î¼g/kg BW,1
side-chains,4
V369,2
K373,2
syndromesâsyndromic,1
NOA36,1
amino terminal of,3
ITAM motifâare,1
amino acid protein,4
Scutellaria baicalensis Georgi,6
W57,1
Double-Stranded,11
susceptibleâinfectious,1
amino acids residues (5)AIDITRK(11,1
Amino acids,9
scorpion-derived,2
Scutellaria baicalensis Inhibit,1
MeOH extract,1
myelin sheath,4
50-Âµl,1
His39,3
amino acid polytopic,2
phenylalanine,16
Cereal Yellow Dwarf Virus Yellow dwarf viruses,1
S29,1
pAAV-HBV1.2,1
S389,2
amino acids 143 and,1
D-galactosamine,1
Foe,1
âfood,1
amino acids 1â30,1
Cys178,1
Toxocara,4
equine infectious anemia virus,8
sELR1,1
Francisella,3
pre-vaccine,2
amOR,1
212-amino acid fragment,1
amino acid-specificity,1
amino acid long polypeptide,1
amino acid (AC,1
amino (AC),1
PigSCV],1
amino acids 201â400),1
Thr,17
Phe,14
treble-clef zinc finger,1
âHIV-1,1
creatinine,5
amino acids (aa),10
cytosine-guanine,2
alum,8
amino acids (224)HWPKPHTLW(232,1
Vaccine,11
methionine,9
Cp-NanI,1
IgY,39
): 11.6%â16.8,1
goat farms,1
amino acid positions,6
amino acid disordered region,1
Leu105,1
F-pseudotyped,1
amino acids substitutes,1
amino acids 1111â1130,1
sIgA,16
trans-membrane,4
availability/commercial,1
Arginine,1
148-amino acid nsp10,1
Chaihu,1
Scarlet,1
amino terminus,17
preS2/S,2
TOPRIM,1
Ser23,1
amino acid segment,2
NFâÎºB,1
"4-chloro-N-{(2S)-1-[(3,4-dichlorophenyl)amino]-3-methyl-1-oxobutan-2-yl}-2-hydroxybenzamide",1
Eimeria,5
EVD,7
serine/threonine,1
Trp156,1
Leu156,1
Pre-Exposure,1
calf pathogens,1
F5-,1
(FMP)-derived,1
amino acid charge,1
isoleucine,24
Î¼M H(2)O(2,1
donkey,1
Freund,11
D62,1
vaccine,11
TGF-Î²,1
intracerebroventricular,2
aloe,1
PPV:83.33â100.00,1
ORF1b/ORF2,1
amino acid sequence,1
human/murine,1
Amino Terminal Region,1
YMDD,1
LMV-resistant,1
intraviral,1
NEDD4,1
calf respiratory tract disease,1
faeces,3
incretin,3
Glycyrrhiza uralensis The rate-limiting enzyme,1
RiboZero,1
"amino acids 329,",1
interferon-Î±/Î²,1
5-methoxycarbonylmethyluridine,1
5-carbamoylmethyluridine,1
K276,2
amino acid signatures,1
onâline,1
amino acid 758,1
FHV-1 20,1
MERS-CoV-specific,5
gluten,2
amino acid decomposition,1
substrate-induced,6
sometimes-,1
Sow sites,1
SV-A,1
non-vaccine,3
Self-disseminating vaccines,1
D438,1
apo,3
tRFs):,1
realâtime RTâPCRâpositive,1
~28,2
influenza/RSV,1
Vaccine Potential,1
extracts,6
Eimeria oocysts,2
corn cobs,1
feed,1
(CPE)-positive,1
VIP,1
VLP constructs,1
VLP samples,1
Ser74,2
21/584,1
11-amino acid peptide,1
LPS/d-galactosamine,1
amino acid collagen-binding,1
N-terminal 13aa,1
Arg4,1
Glu290,1
patientâs blood,1
amino hexyl,1
Para-phenylenediamine,1
equine rhinitis A virus,2
Glycine,2
Lysine,4
bird-bitten fruit,1
globulin,1
Twentyâseven,1
amino acid substituted peptide,1
amino substitutions,1
Antiserum,6
M-nsp13,1
2H6,3
T49,1
CHR-derived peptide,1
"Castanea sativa,",1
sow,4
qRTâPCR,1
Ser328,1
amino acid residues,28
amino acids),5
Cys478,1
creatine,2
equine rhinitis virus-A,1
Lys,15
Glu,12
Amino Acids Comparison,1
amino acidsâ pattern,1
JulyâAugust 2016,1
âhotbeds',1
Jordan-N3/2012,1
Strongylus,1
(pA)d],1
(pA)d,2
nigella sativa may,1
amino acids 136â172,1
Arg130,1
amino acid side chain - ADP-ribose,1
amino acids for,3
TFP846,1
Artemisia carvifolia,1
N58,2
F46,3
amino acid in,2
SIRT7-dependent,1
serine 2,1
NDV-resistant breed,1
HBeAg postpartum,1
stateâs,1
corn,5
SpyTag (A),1
spectroscopic/thermodynamic,1
Golgi,2
eukaryome,1
norepinephrine,4
Foudraine,1
P283,1
Kongpolprom,1
Cho,1
P402,1
amino acids (38KQ),1
amino acid homologies,4
amino acids 24â37,1
"see(1,2",1
VLDL-C,1
amino acids insertion,1
oligosaccharides,16
amino acid compositions of,1
amino acid L-isoleucine,1
amino acid cocktail,1
amino acid-supplemented diet,3
amino acid diet,1
amino acid-induced,1
Cys186,1
A202,1
DS-Cav1,6
EXP-ORAL-1b pigs,1
VLP vaccines,15
D.-7,1
Sisouk T,1
amino acid enantiomers,1
Nile river,1
Lys335,1
VMH,1
Tea,3
amino acids G159,1
amino acids 553â568,1
individualâs,4
amino acids (33rd through,1
): 1.7â23.2,1
rVSVÎG-ZEBOV-GP,1
V920,2
V920 vaccine,1
VH3-33,1
H18N11,2
D68,4
Nepalâs,1
amino acid-based,5
Amino acid-based,1
anti-Mxra8,1
"amino acids, 13T",1
L20,1
poly-Î³-glutamic,1
amino acid identities,8
calf neonatal,2
S1-Bac,3
S-Bac,4
76/174,1
vaccine immunogens,5
aRR=1.47,1
Frafraha,1
N7,4
Gly,7
SID,1
Siglec-8-binding sialoglycans,1
Siglec-8-binding,1
Asp539,1
amino acids surrounding the,3
amino acids with,4
amino acid transporter 1,1
Saposhnikoviae radix,1
SARS-CoV-cpsR-19,1
Î±-d-Glucopyranosiduronic,1
QX/SGK-21,1
ESIs,1
amino acids 320 to,1
amino acid from,1
amino acids 1 to 113,1
anti-IBV,1
Tyr406,1
oligo-uridine tail,1
cytosine-guanosine,1
Deaza-Analogues,1
trans-11b/cis-11b,1
magnoliae officinalis),1
AMC/DCBA lozenge dissolved,1
AMC/DCBA lozenge,3
AMC/DCBA lozenges,1
mAG5,2
supportâ,1
chiropterans (17.98%,1
calf isolates,1
Diaryl-Quinoline Compounds,1
Thirtyâthree,1
HXZQ formula,1
amino acids identities within,1
smacovirus,1
Asn174,1
amino peptidase N-deficient pigs,1
Near-Complete,1
V1âV4,1
IgYs,11
tetra-glycine,1
eIF2,1
1-day-old SPF White Leghorn chicks,1
subdividen,1
temporadas,1
Asp,7
275-amino acid protein,1
Î±-TUB,1
surfactin,1
S1/S2,1
amino acids responsible,1
antiâdiarrheal,1
sialoglycans,4
imipenem-cilastatin,1
iProt-Sub,5
607,2
Feces,4
amino acids mutant sites in,1
equine endurance athletes,1
Vaccine Technologies,1
aplicaciÃ³n,6
isolateâs,1
maculatin,1
Arg114,1
DIPs,1
ORF1a/ORF1b,5
IFN-Î²-induced,1
amino acids 91â95,1
amino acids in enzyme binding sites,1
self-contacts,1
broadâspectrum,1
5â10,1
Glycans,2
5,2
Taeniidae,1
Nsp12-coding,1
amino acid entropy,1
equine rhinitis viruses A,1
equine influenza (EI),1
OAS1-KO,1
antiâcanine,1
MPTP-induced,1
trans-17,1
Single-Round Infectious Particles Zika virus (ZIKV,1
crowd,4
amino acid 376-459,1
entry/exit,1
amino acid alanine,1
amino acids 99,1
amino acids 110 to 112 (,1
amino acids (aa) 736â761,1
NF-ÎºB-specific,1
amino acids 1â120,1
amino acids 308-AKPKQQKKPKK-318,1
rBV-SUDV-GP,1
Arg284,1
mg/kg body weight,2
PEDV + PR,1
amino acids 50â204,1
"equine fecal microbiota,",1
amino acids for Cancer,1
amino acid restrictions,1
soy,6
Amino Acids Positions,1
Stellungnahme,2
amino acid sites (7,1
A/H1N1v2009,1
Ganoderma,5
Ganoderma spp,1
tetramineâincluding,1
ETI/Bronchoscopy/TEE/Endoscopy):,1
amino acids 980â1852,1
studied.(3)H-palmitate,1
amino acid position 160 in,1
ICTVonline,1
amino acid 246,1
amino acids deleted,1
amino acid position 1 to,1
N-acetyl-galactosamine,1
N-acetylgalactosamine,1
amino acid domains,1
amino acids 994â1102,1
turnip yellow mosaic virus,3
amino acids inside domain II,1
amino acids 517â519,1
Low-pH-induced,1
antiserum,5
amino acid position 284,1
BECV-LY138,1
amino acid (11.7 kDa,1
amino acid positions 240 to,1
amino terminal half,5
K446-01,1
K507-01,2
threonine,21
serine-to-alanine,1
amino acid 585,1
nuclearâcytoplasmic,1
species-spectrum,1
by-products,3
2â9,1
S-19 (10.4 vs,1
screeningâmolecular,1
amino acid membrane,1
4-hydroxyproline,3
"amino acids, dipeptides and",1
O-linked,4
precore regions,1
amino acid compositions,2
amino acid similarity,2
equine protozoal myeloencephalitis (EPM),1
amino acids.,1
intracerebral,1
imidazoquinoline,1
photo-immobilizing,1
alanine aminotransferaseand gamma-glutamyltranspeptidase,1
amino acids forming,1
amino acid motif,2
Î¸ (k)(x,1
amino acid 1â43,1
amino acid 1â15,1
amino acid 16â28 of,1
amino acid residues 1â20,1
aminoacyl,2
aspartate,2
5â²-untranslated,2
amino acids 55â96,1
amino acid fragment,1
K281,1
5â²/3â²UTR,1
amino acid identity of,1
influenza-like-symptoms,1
amino acids 1â48,1
threonine (T)-,1
serine (S)-linked,1
antiporcine,1
amino acid signal peptide,2
ÂµL,1
Tyrosine,7
low-colostrum feeding,1
amino acid sequencing,1
D87,1
Serine,9
226-amino acid protein,1
amino acid identity of 16BO133,1
N479S,1
thymine,1
asparagine (N)-linked,2
patient-controlled,1
Aloe hijazensis,1
amino acid at,1
HRPO,1
melittin,1
Enterovirus-71,1
Two-tube,1
Î¸,2
1:10000,1
amino acids 76â114,1
ivermectin,1
myelin,2
amino acid tryptophan,1
Germany,9
Counter-regulatory,1
counter-regulatory reninâangiotensin,1
GlaxoSmithKline,4
amino acids N318âT509,1
amino acids S432âT486,1
triiodothyronine,1
Polyproline,1
polyproline,1
MERS-S,2
isolation/genome,1
"amino acids (lysine,",1
urine specimens,5
nonvaccine,1
amino acid replacements,6
Amino Acid Sites,1
amino acids 51â71,1
amino acids 1â69,1
16-amino acid synthetic peptide,1
ligandâtarget network,1
"vaccine formula,",1
43â49,1
PAP-Fn,4
calf feedlot,2
amino acids except,1
Cys139,2
Gln54,1
His30,2
amino acid derivatives,1
amino acid derivatives of,1
amino terminal domain,2
BW,5
Sera,1
dopamine,2
26â44,2
30-amino acid,1
Vaccine Effectiveness,1
melamine,5
amino acids 1â725,2
Vergessen Sie,1
Lys194,1
Disassembled,1
amino acids (IDL),1
K220,1
C-heptad repeat regions,1
Gly 1313,1
5â²-proximal,9
Ser147,1
amino acids 221,1
Ser 1093,1
leader-body,9
trace-back,1
D63,1
single-terminal,1
anti-NDV,1
amino acid residues 46 to,1
amino acid isoleucine 73,1
N-terminal zinc finger domain,1
NEMO,22
amino acid-rich region,1
amino acids (S Î19,1
MacroD2,1
SyndromeâCoronavirus,1
MIP-1Î±,5
cysteine-to-serine,1
amino acids 133 to 147 (,1
amino acid (aa,1
amino acid consensusâ,1
NDN,1
triazolylinosine,3
amino acids 117 to,1
VP90-VP70,1
Cys51,1
His148,1
Arg72 of,1
membrane-distal,2
amino acids [aa] 39,1
AS-7,1
Vaccine Strategies The,1
supercoil,1
amino acid flexible linker,1
amino acids 182â355,1
Î±-ketoamide,1
amino acids 58â195,1
amino acids 412,2
SbmA.,1
(sub)clades,1
"amino acids (arginine,",1
dibasic,6
minipumps,1
TRS-B.,1
SVN,2
syrup,1
amino acids [aa] 19,1
amino acids [aa] 181,1
six-amino acid,1
Ala284,1
amino acids (aa) 288,1
amino acid differences,1
Vaccine Severe acute respiratory,1
Gly365,1
VRC,5
proteoliposomes,1
H fusion protein,1
Histidine,1
Lys317,1
amino acids 431â650,1
"4,739-fold",1
teachersâ,1
amino acid 417,1
amino acids 417,1
"amino acid positions 109,",1
amino acids 318,1
amino acids 288,1
amino acids 291,2
amino acid 291,1
amino acid revertants,1
amino acids 818,1
needle-free,2
amino acids (A288L and,1
Glu-102,2
Asp-119,1
Glu-180,1
Garlic,1
garlic supplements,1
Glu268,1
Amino Acids 1055 to,1
amino acids 48,1
amino acid residues 1029 to,1
5â²-diphosphocholine,1
amino acids K(398,1
Phosphoamino acid,2
amino acid 219,3
R343V,1
amino acid deprivation,1
VH4-59,1
amino acids [aa] 12,1
amino acid 495,1
cytosol compartment were,1
amino acid transframe,1
amino acids 402,2
amino acid residues 280 to,1
serine (Ser)/threonine (,1
cocaine,34
5-nonyloxytryptamine,1
Noncultivatable Gastroenteritis Viruses,1
"EMBO J. 18:5653â5665,",1
amino acid C-terminal cytoplasmic,1
amino acids (3B region,1
amino acid 88â109,1
"amino acids 81â109, 3B +",1
amino acids of 3A,1
amino acids 1â58,1
amino acids 59â80,1
Glu147,1
Î¼M,1
2-methylthio-N(6)-threonylcarbamoyladenosine,1
Ser41,1
Ser162,1
amino acid positions 226,1
miR155-independent,1
amino acids [aa] 32,1
amino acid identity),3
amino acid 97,2
prM-reactive,1
amino acids 28,1
amino acid residues 28 and,1
amino acids long,7
2â²-deoxyguanosine,1
amino acids 351,1
amino acids 517 to 621 (domain II,1
amino acid position 528 (A528V),1
20-amino acid,2
TLRL-MUC1-Tn liposomes,1
N-acetylglucosamine,4
vNSP2,1
amino acids 30,2
Lysolecithin-Induced,1
GFP-N-domain,1
P9,2
Geminivirus,1
amino acids 39â165,1
amino acids 44,1
amino acid hydrophobic,1
Leu298,1
amino terminal region,1
tyrosyl,1
"amino acid (A,",1
LRGG C-terminal,1
amino acid 547,1
amino acids 216,1
istk,1
amino acids 20,1
cytosine-phosphorothioate-guanine,1
amino acid cytoplasmic tail,1
amino acid 108,1
amino acid 323,1
"amino acid position 275 (H274Y,",1
http://dx.doi.org/10.1128/JVI.00671-15,1
Aristolochia,1
anesthesia with 3,1
amino acids in,2
amino acids 13,1
interlocus,1
threonines,2
A263,1
amino acids 227,1
237L,1
Met187,1
papain-like protease/deISGylating,1
NS2(H126R,3
single-residue,1
5-bp stems,1
concatemer,1
Theilerâs,1
Morphine,1
amino acids [aa] 331,2
amino acids 251,1
Gly124,1
TNF-Î±-induced,2
pHEPIS,1
Amino Acids 270,1
Amino acids 270,1
amino acids 1,3
amino acids 270 to,1
Flunarizine-resistant,1
amino acids (P,1
amino acidâlong peptides derived,1
F112A,2
low-pH,1
phosphotyrosine,1
amino acids 106â194,1
amino acid residues 311â330 (P311â330),1
amino acid pairs/triplets,1
amino acids [aa] 362,1
NLV-BEC,1
F55,3
VLP preparations,1
M860,1
(131)ACA(133,1
ONT long-read,1
icPC22A-,1
amino acid identities),1
Ser to,1
amino acids [aa]1507,1
R129,2
amino acids 441,1
amino acids [aa],1
Leu-135,2
amino acids 21,2
amino acid 716,1
amino acid 741,1
juxtamembrane stalk region,1
Vaccine Vector Development,1
interleukin-17,1
Vaccine formulations,1
26-amino acid signal peptide,1
S310,2
urinary,1
Mucins,1
Flavivirus-Induced,1
amino acids) L polymerase protein,1
G104,1
amino acids 100 and,1
D47,2
sIgA(+,1
amino acids 1 to,3
amino acids 360 to,1
amino acids 301 to 398),1
Golgi-to-endoplasmic reticulum,1
SeV.,1
amino acids attached,1
amino terminal tail,1
Ftt,1
amino groups,2
amino acids 798,1
preCore,1
siRNA/NP,1
amino acid [aa] identity,1
amino acids 960,1
amino acids 2-117,1
copper-deficient,1
precore/core,1
Ala,1
carrierâdriven,1
Carrierâdriven,1
pCGWHc,1
amino acids substitutions,2
amino acids (,1
amino acids in S (Q159L-R654H-H716D-E1035D,1
amino acid residues 24,1
amino acids 310 to 518),1
alanyl,1
amino acids 224,1
M(pro)-C monomer,1
acid-leucine-arginine (ELR)-negative,1
G332,2
â,1
amino acids 535,1
intramembrane,1
minipump,1
amino acid change,1
amino acids [aa] 67,1
Leu,1
amino acids 407 to,1
amino acid polypeptide,1
synaptosome,1
amino acids neighboring,1
(432)GXXXG(436,1
Env-activating,1
HACS,1
signalâ2,1
NLS-2,5
amino acid long peptides,1
amino acid distance,1
âpandemic,2
Gut,1
Glu67,1
amino acids (residues 21,1
amino acids 120 to,1
amino acids 153 and,1
Thatchai,1
Soo-Jong,2
A87,1
Sooyoung Lee A171,1
Sooyoung Lee,3
A257,1
Min-Su,1
Ji-Hyun,1
Mizuko,1
Hyun-Ju Cho,1
Sung-Woo,1
Amino Acid Glycine,1
Nneutrophilc,1
MÄrdÄrescu,1
A54 LPS serum,1
A62,1
Totolici,1
Furtunescu,1
A53,1
A54,1
MERS-positive,1
trypsinâchymotrypsin,1
"Herba Taraxaci,",1
Trichuridae,1
rumen,1
"amino acids,",2
amino acids (l-glutamic acid,1
VLP monomers,1
amino acids in NA on,1
amino acid (I),1
amino acids protein,1
amino acids from 388 to,1
streptozotocin-induced,3
amino surface,1
amino surface.,1
DESIGN/METHODOLOGY/APPROACH,1
regie,1
huidige situatie adequaat,1
eerst,1
adequaat,1
influenzavaccinatie,1
perioden,1
januari,1
ns2a,1
Cow body,1
Tobaniviridae,3
5-g samples,1
stof,1
sulfatases,1
UDP-N-acetylglucosamine,1
interactie,1
amino terminal heptapeptide,1
angiotonin/,1
betere,1
Nederlanders,1
bijvoorbeeld,1
Foetale,1
Openbaart,1
arbeidssituatie,1
Immunsystems,1
plaats,2
Ook,2
Verzorgenden,1
infantâs,1
Solasodine,1
bloederige,2
amino guanidine (,1
Seuchen benutzt,1
equine infectious anaemia (,1
tijdgebrek,1
influenza-achtige,1
KopflÃ¤use,1
infectieuze,1
samen,1
Openbare,1
amino acids into fragments,1
Tauchgebiete,1
IOM)/North,1
Cremastra,1
amino sequence,1
Funktionsablauf,1
methamphetamine,1
2019-nCoV-Pneumonie Ã¤hnelt radiologisch,1
llegaron,1
infectadas,1
Candida,2
amino acids 21â26,1
Glutamine,4
l-alanine,1
GCGAUUUCUGACCGCUUUUUUGUCAG,1
5-fluorouridine,1
Asn-tRNA,1
amino acids near,3
amino acids 768 and,1
Amino terminal,1
NAcc,4
second-hour,1
ibogaine,1
amino acid side chains required for MHC,1
amino acids 59â85,1
dolichol,1
rumen microflora,1
amino acids (AA),1
GPHS,1
Ser-Pro,1
amino acid 10,2
Neospora-somatic,2
equine respiratory disease occurring,1
whey,1
calf starter,4
56-d,1
calf starter ad,1
Calfhood,1
TcdB.,1
carboxyl terminal,2
Vaccine Reactions,1
Vaccine Failures nan,1
cryptosporidium,1
Rimantadine,1
adjuvant-free,1
preventivas oportunas,1
Ã³rganos,1
Fundamento,1
trabajadores,1
causar,4
identificaciÃ³n,1
rendimiento,1
moleculares,3
antibioterapia,1
escasa,1
Siguen,1
interacciones,1
amino acid levels,2
intratrachel,1
Elseways,1
Eimeria zuernii coccidiosis in calves,1
sufentanil-midazolam,1
amino acid from N to,1
serine hydroxyl,2
histidine pKa,3
idoneidad,2
asociaciÃ³n,1
supusieron,1
recogieron,1
DiscusiÃ³n,1
Ãªtre,3
2C5,5
Bunge,1
Cedrela,2
Fuzheng,1
maximum-likelihood,1
amino acids of S protein,1
provinces(autonomous,1
amino acidsânamely,1
Trustess,2
coccidia,1
Veal calf hemorrhagic enteritis,1
hepadnavirus (hepatitis B virus,1
lignans,1
amino acids from MHC Class II-bound peptides,1
Volkswagenstiftung,1
intra-uterine,2
single-cleavage,2
phytocompound,1
Jackson Laboratories,1
international-scale,1
shellfish,2
âFood,1
institutionâs,3
Value-Chain,1
MÃ¼llerian duct,1
"amino acids (phenylalanine,",1
Glarum,1
cheese,3
amino acid derivatives have,1
miriad,1
aradicular hypsodont,1
systÃ¨me,2
majoritaires,1
Kapitel,1
aparato,4
calf starters,1
Ivermectin,1
âsevere,5
Mallinkrodt,1
bronquiolitis ingresados,1
precisaron,2
SÃ­ndromes infecciosos de origen otorrinolaringolÃ³gico,1
asÃ­,1
atenciÃ³n,1
inmunodeficiencia,5
wind-cold exterior,1
Sputum interleukin-1Î²,1
ionizationâmass,1
parasitario,1
bronquitis,5
bronquitis agudas,1
bronquitis agudas suelen ser,1
adquiere,1
individuo,1
suponiendo,1
incrementado,1
Microbioloy,1
"2,4-Dichlorbenzylalkohol",1
nÅuds,3
S17.4,1
S32.3,1
guanine,1
«,1
scarlatine,1
FamaâFrench,1
hepadnavirus (HBV),2
amino acid complex,1
calf gain,1
calf ADG,1
suplementar,1
provocan,1
inmadurez,2
reserva para ciertas etiologÃ­as,1
rehidrataciÃ³n,1
suelen,3
sugerir,1
radiografÃ­as,2
educadores,2
reservorio importante,1
intravasculares,2
artesunato,1
reanimaciÃ³n con,1
inalazione,1
aveva,1
ottenere,1
recupero metabolico,2
sembleraient,1
saisonniÃ¨res,1
PI-7,1
lopinavirâritonavir syrup,1
in-house-likeness,1
extremidades,1
recidivas,1
neumonÃ­as agudas,1
imposibilidad,1
Analizzando,1
justifient,1
iatrogÃ¨nes,1
retina-toxic,1
nâest,1
libitum,1
R507,1
meist,1
affinity/pseudo-affinity,1
XDY-CS,1
6016.3,1
âpatient.â,1
Lys150,1
SSDs(1000 mg/kg,1
originais,1
per-partum,1
perdre,1
D-amino acids,1
calf ranch,2
amino acid serine,1
Malassezia,1
amino acid types,2
amino acids into chains,1
amino acid usage,1
Vaccine Development AbstractSARS-CoV-2,1
amino ester,1
Creatinine,1
amino acid area,1
Urine,2
amino acids long MEV,1
aminoacids,1
NTS,1
pandemic-preparedness,1
amino acid sites in,2
isolation-and-quarantine,1
amino acid motifs,1
Arg454,1
amino acid resolution,1
amino acids long with,2
Polyproline Regions,1
polyproline regions,2
"64,175",2
"6,546,494 to",1
Asn53,1
sex-unbalanced,1
SARS-CoV-2-induced,1
"77,588",1
aOR:1.9,1
corpulent,1
ABSTRACTVaccine,1
cystine,1
2âO,1
catecholamine,1
9-amino acridine,2
"9-amino acridine,",1
9-amino acridine as,1
S137,1
inR.ConclusionThere,1
SUMMARYDevelopment,1
Ser-to-Ala,1
VCMs,1
Tyr230,1
Arg553,1
anesthesia,2
amino terminal hydrophobic,1
amino acid 61,1
amino acid 111,1
118-amino acid cytoplasmic,2
10-amino acid region,1
10-amino acid,1
11-amino acid,2
106-amino acid cytoplasmic tail,1
di-lysine,1
VH locus,1
40-amino acid cytoplasmic,1
Pro15,1
Leu17,1
amino acids Rat microsomal aldehyde dehydrogenase (,1
Ser (PrP(F198S),1
Cinnamon,1
equine viral arteritis,1
Arg409,1
calf total,1
amino acid M1,1
amino acid residues 329-343,1
amino acids 34,2
Vaccines,1
Mr-140000,1
rocket,2
antiserum monospecific,1
obvelata,2
alanine p-nitroanilide-hydrolysing,1
59-nt,1
CTS253,1
equine arteritis virus 3â²(â)NCR RNA,1
COOH extremities,1
150-amino-acid-long,1
amino acid-binding sites of,1
amino acids centered some 80,1
amino side,1
amino acids Ala-4996,1
amino acid position 153 of,1
amino acids 481,1
p1/p6,1
subgenonic,1
amino acids]),1
Hyphema,1
germfree,1
29-amino acid region,1
cytidine,4
DHBV prebound,1
C97,1
amino acids 80-105,1
44-wk-old soiled-bedding sentinels,1
DHBV at 4Â°C,1
V47,1
V58,2
Val248,1
Voluntary Ingestion,1
amino acids 273,1
carboxylmethylcysteine,1
myelin remnant,1
MHV4/MHV-A59,1
antisera monospecific,1
FI-RSV,1
P2-P3 segments,1
MBD,1
Ser-2429,1
nsP3-coding,1
moleclar,1
mg/kg body weight of acepromazine maleate,1
amino acids 33,1
amino acids 1123 and,1
amino acids 403,1
amino acid 71,1
Ser-744,1
amino acids 262,1
N-glycosylated,5
FHF,1
amino acids 578,1
serine-glycine-serine-glycine spacer,1
Mnn1p lumenal domain,1
amino acids 198 and,1
amino acid 101,1
5',1
IgY powder,1
subgenomic-length,1
N-formyl[35S]methionyl-tRNAi,1
amino acids 524,1
amino acids 40,2
amino acids 59,1
Gly679,1
anti-M,2
PMWS,3
Tyr481,1
amino acid analysis,1
amino acids at,1
amino acids 3490 to,1
60S subunits,2
S120,1
avridine,1
amino acids 774,1
N-acetyllactosamine,1
210-nt 5â²,1
60S,1
hoodia,1
glutamine electrolyte,1
polymerase-driven,2
stop-transfer,1
Ser residue,1
amino acid 476,1
antiviraleffects,1
lt;/p&gt,1
intervenciÃ³n,2
imparten instrucciones,1
inicia con,1
autoridades,2
toavoid,1
Meandwhile,1
2019-nCoV.,1
59/632,1
6â91,1
Sm,1
amino acids 249â317 (A group,1
amino acids 249â395,1
120Î¼g/kg body weight,1
Met-358,1
amino acids within,1
amino acids 522,1
amino acid residues surrounding the,1
amino acids Gly-244,1
Lys-249,1
animalâs,1
amino acids of 1053,1
Spatialâtemporal,1
resoluciÃ³n,4
prioritario,1
intra-lobulaires,1
m7GpppG,1
F73,1
PEV,2
Eimeria zuernii Abstract Acute phase proteins,1
Cys-139,1
asparagine (N)-linked glycosylation sites,1
Horseradish peroxidase-labeled lemniscal afferents,1
5mL/kg,1
Smyth's,1
amino acid interaction,1
23S,1
calf enteric,1
amino acids 226â289,1
MHV_N.,1
toxocara,1
equine parasitic diseases,1
whole-milk feeding regimen,1
"calf starter intake,",1
2.5Ã105 oocysts,1
Ã¢ge,4
amino acids 84â125,1
amino acids 89,1
amino acid sequence-based,1
icMERSma1,1
octapeptide,8
Ser based,1
~55,1
Eimeria zuernii and/or,1
Asn-144,1
Gly-147,1
Leu-148,1
tetraclosans,1
pentaclosans,1
amino acids 214â226,1
amino acid reversion,1
amino acids 198â204,1
Lewy body,1
Sow,1
derniÃ¨res sont,1
2007â2008,2
asparagine 4,1
soyabean,4
soya,2
interleukin-1Î±,1
Eimeria spp,1
N-acetylglucosamine-like,1
post-prandial glucose,1
Î±-amino acids,3
Orn,2
premiÃ¨res,2
amino acid transporters,3
reservorio simiano africano y ha protagonizado una expansiÃ³n fulminante,1
amino acids 324â720,1
amino acids 798â818 SFIEDLLFNKVTLADAGFMKQY,1
amino acids 816â835 KQYGECLGDINARDLICAQKF,1
H298,1
N308,1
NSP-3ABC,1
Mucidae,1
TAAT,1
amino acid residues 1â750,1
amino acid-nucleobase,1
G106,1
feeds,1
Suelen,1
amino acid acceptors,1
wind-cold,1
L7,1
I248,1
amino acids in proteins,1
2.0,1
Man5â9GlcNAc2,1
amino acid pairs,1
amino acid residues 17â537,1
amino acid residues 303 and,1
egg-related,1
amino sugar (,1
amino acids methyl esters (,1
suceden,1
diethylcarbamazine,2
28Î¼g/kg body,1
MHV-S.,1
Devicâs,1
7-methoxycryptopleurine,1
amino acids 14,1
ten-amino-acid,1
Scutellaria baicalensis may,1
lectibody,1
Histidine Triad-like Motif of,1
1-[2-(phosphonomethoxy)ethyl]-5-azacytosine,1
amino acid phosphoramidates,1
amino acid group-specific,1
326-amino acid,1
Ser220,1
29â160,1
serine (Ser)-727,1
amino polypeptides,1
interferonÎ±-2a,1
L219,1
amino acid long proteins,1
amino compound,2
barn,1
CSF/serum,1
amino acid 78,1
amino acids 36â37 of N protein,1
amino acid 36â37,1
Astragalus polysaccharides inhibit,1
Serine-scanning,1
serine-scanning,1
amino terminal immunoglobulin-like,1
amino acid NTD,1
Desranges,1
amino acids W423,1
N424,2
VLP vaccine,1
amino acid (54%,1
2.10Ã ,1
controlar,1
equine infectious anemia,1
vaccine strainsâH120 and,1
amino acid 1114,1
SoluciÃ³n,1
interhumaine,3
gB,1
amino acid long protein (123kDa,1
calf BCV,1
triplicating,1
contracts,1
Vaccine adjuvants,1
ChAdOx1,1
amino acid flexible,1
plasmalemmal,1
amino acids 260â353,1
amino acids 392 to 455,1
amino acid transporter of small intestine,1
TCoV-specific,1
salubristas,1
Cys145,1
glycans,1
Nucleolar-cytoplasmic,1
"amino acid,",1
amino acid-substituted proteins,1
NPC1-C,1
relacionaban,1
aplican,1
clinicobiologiques,1
3â²-part,1
Jerneâs network,1
arginine-to-proline,1
amino acid position 132,1
Arg132,2
amino acid Lys,1
amino acids 122,1
Cys58,1
amino acid phosphoramidate prodrugs,1
âCurrent,1
amino acids 10â13,1
amino acids 41â72,1
Phe-82,1
A75,1
methylguanosine,1
bioterrorism/pandemic,1
GABHS,2
Trp97,1
amino acids(58NQGX61,1
DP2392-E10,1
quarantaine,1
dLJ extracts,1
Sinigrin,1
Poly-Î³-glutamic,1
2-l-Î±-amino acyl,1
nsp3â8,1
amino acids 490â510,1
amino acids 270â350,1
amino acids from peptides,1
amino acids (168â208),1
T134,1
amino acid sites each,1
amino acid adaptations,1
centaine,1
amino acids for rapid,1
bacilos,1
amino acids [aa] 744â759,1
amino acids having,1
DPP-IX,1
amino acid replacement,1
interferon-Î³(IFN-Î³,1
hydroxybutylguanine,1
seven-amino acid repeat,1
Flu-IVDs,3
25â100 sows,1
"27,816nucleotides",1
T82,1
amino acids 272 to 286,1
amino acid 321,1
amino acids 196 to,1
SARS/HIV pseudovirus,1
sphingomyelinase,1
bronchite aiguÃ«,1
amino acid (47,1
amino acid (78,1
amino acid residues lining up,1
oftalmoplejÃ­a internuclear,1
Ser receptor de un,1
N-terminal folds,1
amino acid clusters,1
VH chains,1
out-frame,1
amino acid insertion,1
Ser31Asn,1
amino acids (S1),1
amino acids 101â115,1
amino acids 301â422,1
Amino acids 15â28,1
amino acids (aa) 15â28,1
amino acid residues 1â69,1
recogieron 1957 lavados nasofarÃ­ngeos,1
SF/PLGA/GO microfiber,1
calf ranches,1
amino acids 184 and,1
âSevere,1
calf pens,2
53/136,1
amino acids 200,1
smartphoneâs,1
260-amino acid N-terminal fragment (residues 17â276,1
chimaera S,1
5-chloropyridine ester-derived,1
N-protein-RNA,1
dâorigine,1
explicar,1
calf (1.5 vs.,1
Cys24,1
78-amino acid protein,1
guanidine,1
SUD-C,5
15N-labeled,1
23-amino acid signal peptide,1
N-acetyl-d-galactosamine,1
218âamino acid,1
lâ1,2
27-kDain vitrocleavage,1
bronquiolitis,1
lipid,1
1.8Ã106,1
amino acids 307,1
amino acids (aa) 363â371,2
amino acids 510â518,1
proteinâdsDNA,1
154-amino acid,1
330-amino acids,1
intestino irritable,1
sensibilidad,1
R294,1
US dairy operations,2
(ENaC);neural,1
anticodon loops,1
polyethyleneimine,1
1:2000 formaldehyde,1
calf feeding,1
Tyr170,1
intravenously,1
walnut,1
Aloe barbadensis Miller,1
phellodendri,1
tPA-S-DNA,1
calf rotavirus,1
):,1
Stehen,1
MÃ¼nchen,1
clef,1
calf feeding utensils,1
amino acid chains contains 1046,1
lowâtotalâscore groups,1
echovirus,1
Two-amino,1
equine infectious anaemia virus,1
VNAR,1
amino acids 48-358,1
amino coterminal proteins P,1
amino coterminal,1
prometedores porque permiten diagnosticar,1
levofloxacino,1
amino acids 1023â1189,1
amino acid used,1
reemergencia,1
anti-G-CSF,1
amino acids 261â274,1
62.5IU/kg body weight),1
vaccine components,1
amino acids in 8a and,1
tigecycline,1
transitorio,1
amino acid residues 175â210,1
amino acids from 14,1
"5-[[3-(4-chlorophenyl)-5-isoxazolyl]methyl]-2-(2,3-difluorophenyl)-5H-imidazo[4,5-c]pyridine",1
amino acids 274â283,1
373â382,1
amino acids 286â295,1
amino acid sequences,2
amino acid 286â295,1
amino acids (22.9 Kd,1
amino acid content,1
"benzo[b]furo[3,2-d][1,3]oxazine skeleton",1
L1114R,4
amino acids 61TQDGLYHNKN70,1
amino acids are,1
SNS,1
amino oxazoline of,1
amino acids 363 to,1
gE,1
amino acids 55â98,1
Veal calf,1
amino acid precursor,1
amino acids 1â1297),1
Aib,1
âbacks upâ,1
N6,2
severas,1
amino acids 2â26,1
Heshouwu (ä½é¦ä¹,1
CaracterÃ­sticas,1
intrahospitalario,1
amino acids 10,1
amino acid 31,1
amino acid (,1
mucins,2
amino acid synthetic polypeptide,1
FiÃ¨vre,1
(Â±0.2)log10,1
Ser192,2
2.2Ã105 oocysts,1
clef du succÃ¨s,1
heat-inactivated FIPV,1
23-amino acid deletion,1
225-amino acid polypeptide,1
amino acid exchanges,1
TGEV-A,1
infodemic,1
glutamic,1
amino acid side chains of acceptor proteins,1
MB/narrow,1
signos,1
Fatalness,1
C833,1
Lâorigine,1
amino acids 318â510,1
single-amino acid,1
plaidant,1
Sociedades,1
amino acid positions 1649 and,1
calf enteritis Abstract Clostridium difficile,1
duck IFN regulatory factor 7,1
thyroxine,1
necrotizing-pyogranulomatous,1
44-amino acid polypeptide,1
83-amino acid basic,1
77-amino acid basic,1
pontine,1
corn starch industry,1
amino acids at 130â131,1
amino acid respectively,1
amino acids long protein,1
allergÃ¨nes,1
glutamineâglycine,1
MEURI,1
Salt,1
equine digestive system,1
Mikrobac,1
Eimeria coccidia and,1
amino acids for neuraminidase,1
amino terminal S1 subunit,1
amino acids (aa) 50â286,1
62-amino acid,1
amino acids 441â700,1
Leu/Ile,1
N-terminal octapeptide,1
Amino acids 319â510,1
