ANATOMICAL_SYSTEM,frequency
central nervous system,761
CNS,1367
central nervous systems,14
LRI,1
central nervous system axonal,1
central nerve system,1
cardiovascular,143
Cystic,9
Cardiovascular,3
central nervous systemâfor H5N1,1
central nervous disease,1
central nervous system disease Intracranial infection of,1
central venous catheter insertion area is,1
central nervous system-restricted viral,1
NAFLD,1
central nervous system pathogens express neuraminidase (NA),1
central venous pressure,2
BBB,1
Neuromuscular,1
LPM,7
sero-molecular,1
Leptomeningeal,1
toilet,1
Cardiopulmonary,4
pontocerebellar,1
endocrine,6
sCOEâCo1,1
BAV,2
enteric nervous system,1
central nervous system Interferon-gamma (,1
central nervous pathways,1
"central nervous,",1
central nervous symptoms,2
Olfactory,2
central nervous system-infiltrating CD8(+) T lymphocytes,2
central nervous system Tissues of,1
central nervous system tissues by,1
sDPP4,1
central canal and,1
central nervous and,1
central sympathetic outflow in,1
central nervous system Immune,1
streptozotocin-induced,2
extraâpulmonary,1
central nervous system inflammatory diseases,1
"central veins,",1
central nervous system tissues.,2
central nervous systemâinvasion,1
BALF,1
central nervous system-specific strain,1
central nervous system cells,5
Fr,1
BSCB,1
central nervous signs,1
hypothalamo-pituitary,1
pituitary-adrenal,1
cerebellar,1
central nervous diseases ranging,1
Peyer,1
eight-cell,1
SNS,4
posterior,1
"GGO(100%),vascular",1
Non-neural,1
central nervous system lesions (,1
central nervous system tissue confirmed,1
central nervous system tissues from,1
central nervous system-specific restriction,1
central nervous system lesions,2
central nervous system lesions characterized,1
maternal-fetus,1
vagal,1
central nervous system lymphoma,1
central lymphoid organs,1
central vein,1
central nervous tissues,1
meningeal,1
central hypothalamic levels,1
VYS,1
central nervous system (CNS)-,1
non-CNS,1
LTx,1
central nerve system cells,1
central nervous system tissue of 4,1
TMs,1
MVb,1
central nervous system lesions.,1
