CANCER,frequency
nasal specimens,5
SIR,91
PC,60
RV,358
MRI,1
prostate,10
spermatogenic stage-specific,1
EGC,3
cancer,1026
BALF,78
samples,92
croup,3
high-speed,6
Maps,10
NNs,3
Tan,2
acute lung,19
Salmo salar,4
head kidney,5
Lung InfectionâA,1
acidophil,1
neoplasms,21
nasopharyngeal carcinoma,21
NPC,78
health-care,200
anticancer,191
malignancy,40
cancers,159
HH450,1
prostate cancer,70
tumors,177
mouth disease virus (FMDV),4
COPD,601
1966,1
malignant disease,5
skin tumour,1
RA,109
RA patients,7
LHD,1
BC,45
inter-regional,1
caecal tonsils,1
renal,136
trachea,90
ALI,110
Perl,2
lesions,470
VBI PathoSystems,1
WHO,425
hip,3
THA,1
B-cell,117
PDB,1
mammalian,122
DPO,4
pneumo-otoscopy,1
Foot,3
mouth disease,45
ATL,16
ATL patients,3
CL patients,1
pulmonary virus,2
expectation-variance,1
CTV,7
MON,4
Nasal lavage fluid,1
PBC,31
ALL,11
DMD,12
thyroid carcinoma,2
medullary carcinomas,1
Cancer,92
head,5
anti-tumoral,3
tumor,484
chemoradioresistant,1
malignant lung cancer,1
breast,25
ICU,28
Burkitt's lymphoma,2
Kaposi's sarcoma),1
CAP,134
recommendations,1
right,8
antitumor,173
TC-1 tumors,3
lymphoplasmacytic,2
PDD,12
breast cancer,78
lateral,40
proteinuria,8
Renal,21
myeloid (m)DC-,1
COPD patients,64
35/39 patients,1
solid tumors,28
malignancies,82
primary prostate tumors,1
gastric fluid proteome,1
gastric cancer,15
gastric fluid samples,1
gastric cancers,1
gastric cancer samples,1
non-cancer samples,1
non-cancer,5
pre-malignant lesions (1 adenomatous polyp,1
pre-malignant lesions,1
brains,31
RTIs,21
650/650,1
bronchoalveolar lavage fluid 8-,1
NSCLC,20
NSCLC xenografts,1
nasopharyngeal samples,35
liver cancer,21
lymphocytic,2
HPS,26
falls,2
CIHD,1
anti-arenaviral,1
94.6,3
area,11
Cys425,1
CF HAE,2
CF patients,31
Glioblastoma,2
malignant primary brain tumor,1
glioblastoma,10
xenograft,8
glioma,14
GBM,7
splenic natural killer (NK) cell,1
cervical cancer,54
carcinoma,9
colorectal cancer,35
CRC,37
tumours,20
LRTIs,25
UTIs,4
lethal influenza A,1
Kaposi's sarcoma-associated herpesvirus,9
brain cortices,1
epithelial ovarian carcinoma,2
EOCa,2
hepatocellular,18
blastocysts,1
HAART,11
anti-retroviral,8
GALT,25
ART,15
CF,89
RNs,2
PEDs,1
sexually-structured,1
melanoma,50
RCA,46
tumour,41
R0,42
mucosal IgA.,4
peri-centenarian,1
larval delta,1
SCCD,3
hematologic malignancies,28
TCAD,1
RCHE,3
primordial CEA,1
LPT,1
11(th,1
MeV,3
nasal swabs,13
candidemia,2
anti-tumor,72
myalgia,78
PNG,6
germinal center,2
follicular helper T cells,2
Anticancer,11
Solid tumors,1
anogenital tumors,5
Bowenoid,5
nasal samples,4
pediatrician,3
AMS,3
ANN,8
http://code.google.com/p/automotifserver,1
Newcastle disease virus,47
CAV,16
leukemia,33
KD,36
RPEP,2
HCRC,3
Gastrointestinal Cancer,1
HNPCC,1
BMSCC,2
f,2
Nasopharyngeal aspirates,16
R-Mix,2
bronchopneumonia,3
pulmonary lesions,8
anti-HIV,3
batch-to-batch,2
nasal lavages,1
Leukemia,5
acute promyelogenous leukemia,1
APL,4
MScl,2
Antitumor,19
acute renal,13
MRSA,25
lung RSV,1
myeloma,27
MM,15
BOOP,12
BOOP lesions,1
ureter,2
lymph-node,1
intestinal pathogens,4
pulmonary ACE2,3
nasal influenza reverse,1
JIIM,1
JIIM patients,1
E17.5,1
early-stage ONFH,1
ONFH,38
Nasopharyngeal carcinoma,2
NPC patients,6
ORs,18
brain sections,3
cancer patients,114
solid organ tumors,1
hematological malignancies,16
Careâ,1
Cancer Patients,12
L2,9
Gastro-intestinal,2
GI,19
RASs,11
MDA,4
Lung specimens,1
mucosal samples,2
nasopharyngeal,14
Crohn's disease enteric pathology,1
IBD patients,3
mucosal T cell,2
mucosal secretory IgA,3
Cardiac Disease,1
nasopharyngeal swabs,36
adult beta globin,1
PRT,2
AD,80
CVM,1
lung cancer,99
lung lesions,61
seroepidemeology,1
pectoralgia,1
dyspepsia,1
Fisher,1
hepatocellular carcinoma,74
HBV-,2
RCT,16
FMS,11
FMS patients,1
nasopharyngeal cancer,2
hybridoma,32
Children,9
Melanoma Patients,1
melanoma patients,7
IBS,11
M1,58
IB,3
IPF,21
capsule,23
gastrointestinal disease,2
CCD,3
anti-cancer,60
plasmas,2
growth-inhibitory,1
lung aspirate fluid,2
nasopharyngeal aspirate,7
SLE,3
Graft-versus-Tumor,1
allo-BMT,4
hematologic,50
graft-versus-tumor,2
GVT,3
GVHD,13
autopsies,1
immunocompetent adult civilians,1
Oral lichen planus (OLP),2
OLP,6
VAS,5
OLP patients,1
organ sections,1
A.,12
FEBS,2
Anal Biochem 357(1):128â136,1
FEBS Lett 576(3):387â390,1
cancer patient,2
susceptible-,1
BOS,25
Reâ²,1
Pan-Viral,1
prostate cancer)(8,1
solid,70
RM,10
bronchoalveolar lavage,16
615/1192,1
fever/chills,2
nasal swab specimens,9
Nasopharyngeal specimens,11
sputum specimens,1
Conn,2
adult T-cell leukemia,4
IAR,9
B-Cell,5
Malignant B CellsâA New,1
B chronic lymphocytic leukemia,1
B-CLL,5
B-cell malignancies,4
PS,4
olfactory sensory neurons,2
LMA,1
rhabdomyosarcoma,3
physician,7
ovarian tumour-like protease domain,1
RBCT,1
Tumor,26
midzonal hepatocellular,1
mammalian influenza viruses,2
GAR,1
Uterine adenocarcinoma,1
malignant neoplasms,7
uterine adenocarcinoma,4
uterine,12
HE,1
biopsies,2
Trauma Acute Lung,1
REMD,2
cardiac RAS,2
R(0,5
R(e,6
81.79,1
Burkitt's lymphoma cell lines,1
EBV-negative Burkitt's lymphoma cell line BJAB,1
brain samples,4
ICC,22
EDs,7
80/90,1
sections,6
oropharyngeal swab specimens,5
Brains,2
brain specimens,6
brain extracts,1
adult dairy cattle,2
TAAs,5
NK cell-mediated,2
POAG,2
glaucoma,4
NPG patients,1
lymphoma,37
LCL,5
RD,10
PDNS,2
Buruli ulcer,1
NECs,1
Area,5
rectal swab specimens,1
nasopharyngeal aspirate specimens,13
peripheral T-cell lymphocytopenia,1
RTE,2
mucosal IgA,12
MDT,5
HSCT,97
chronic lymphocytic leukemia,7
CLL,4
CEA-positive tumors,1
gastric pathogens like H. pylori(9,1
KD patients,10
Kaposi's Sarcoma-Associated Herpesvirus,3
Renal Transplant Recipients Viruses,1
Renal Transplant Patients,1
renal renin-angiotensin,1
Nasopharyngeal swabs,37
Nasopharyngeal samples,15
18(14.1,1
nasopharyngeal viral,9
temple,2
RegulationsâWhat,1
QAIC,1
Burkitt's lymphoma cells,1
B-cell lymphoma,1
EBV-negative B-cell lymphoma,1
Burkitt's lymphoma (BL) cell lines,1
primary BL tumors,1
BL patients,1
10â20,8
palatine tonsils,1
IL-10-deficiency,1
6/8,2
AFOP,19
UCTD,2
URTIs,16
organ donors,3
donorsâ,2
basosquamous carcinoma,3
lung airway-tract,1
Brain stem,1
Lymphoma,6
CTCL,6
tumor xenografts,2
ICUs,13
W33â37,1
Fla,1
16â24,2
acute lung injury/acute respiratory,3
carcinomas,6
R(2)(X(t-2):Y,1
eighteenth-order,1
virus-negative,2
plasma tumor necrosis factor (TNF)-Î±,1
Solid Organ Transplant Recipients,3
CMV-replication,3
GEP,1
Pulmonary Disease (COPD,4
effusions,23
adenocarcinoma,9
transudates,8
adenocarcinoma effusions,1
pleural fluid,8
head blight (FHB),1
Mammalian,1
Pavo cristatus,1
BIP,4
asthmatics,2
germinal centers,1
non-lymphocytic,2
lymphocytic patients,1
Nasopharyngeal Carcinoma,1
amalgamaviruses,1
LRD,13
mucosal lesions,3
oral lesions,5
cheilitis,1
oral mucosal lesions (P=0.0075),1
nonpulmonary solid organ,1
solid organ transplant recipients,6
CVL,12
mixed-infection,1
PIV,20
latex,24
I-cell,1
Nasopharynx samples,1
organ-ECIS,3
RespiFinder-SMART-22A,1
NETs,17
NET,1
HSCT patients,3
Leukaemia,2
Newcastle disease (ND),1
Kawasaki disease (,4
IgA,33
"NK cells(5,8",1
grade III,1
hospital-managed,1
gastrointestinal pathogens,12
pancytopenia,6
auto-immune,2
organomegaly,1
cytopenia,5
colorectal carcinoma,6
papillary thyroid carcinoma,2
CRC patients,1
lung adenocarcinoma,10
dermonecrotoxin,1
gastrointestinal helminth Heligmosomoides polygyrus,1
MVC,19
adult T cell leukemia/lymphoma,1
pulmonary CD8(+) T cells,1
KS,8
neoplasm,8
splenic NKp46(high) NK cells,1
ovarian cancer patients,1
ovarian cancer,7
cancer-specific,2
head-neck cancers,1
epithelial cancer,2
PCD,6
G3,11
nasopharyngeal inflammatory,2
Breast Cancer,5
pulmonary MÎ¦s.,1
CCR5(-/-,2
GCN,1
nasopharyngeal aspirat,1
RNA-post,1
palate,3
MEE,10
AIH,12
NASH,13
SAM,19
http://www.herbbol.org:8000/chloroplast,1
CAP patients,19
brain Angiotensin-converting enzyme,1
brain Ang II,1
renal renin angiotensin,1
Renal ACE2,1
renal ADAM17,6
kidney lysate,1
renal ACE2,9
ALRI,4
NSs4KR,1
RTI,105
nasopharyngeal specimens,14
Kaposi's sarcoma,5
hematologic malignancy,10
Hodgkin's lymphoma,4
Hodgkin's lymphoma biopsies,1
cervical carcinoma,3
RFID,4
Brain MRI,1
brain lesions,8
Duchenne,1
hepatic,4
Myeloid Leukemia Dasatinib,1
chronic myelogenous leukemia,1
CML,24
acute myeloid leukemia,15
hepatic UPS,1
CIS,1
hepatic CSN8,1
B-cell lymphomas,3
survivors,36
FUO,3
C2,2
mucosal immune responses,3
mucosal pathogens,3
"Head and Neck,",1
low-grade,12
embryonal,1
adult community-acquired,5
uveal,1
lung lobe lavaged,1
CYDV-RPV,2
BEVs,1
F,39
Ovarian tumor,2
iso-,1
Nasopharyngeal aspirate,3
hamster,15
TLR3/RIG-I-triggered,1
56.25,2
HAI,66
ASR,7
public-private,1
RPM-IVDC1,7
hand-foot-mouth disease,1
EAP,3
neuroblastoma,7
cardiomegaly,6
PHC,13
MDG,1
hmAb,1
MPS,14
Oral Chronic Graft-versus-Host Disease,1
cGVHD,4
oral cGVHD,5
cGVHD patients,3
oral cGVHD patients,1
Oral cGVHD saliva,1
oral cGVHD saliva,1
TGCC,2
G6PD,7
A549 lung carcinoma cells,1
CHB,10
HBV-induced ACLF (n=5),1
"HBV-induced ACLF (n=3,",1
ACLF,3
HBV-induced ACLF,1
sertraline/oseltamivir,2
immune tumour,1
AMR,25
pulmonary immune system,1
malignant catarrhal,2
tumor xenograft,1
EU,2
T23,1
Myeloid Leukemia,3
cecal tonsil,3
nasal fluid viral,1
COA,4
IRD,2
RVA,66
lung lobes,2
NNPDS,7
BEN,34
uroepithelial tumours,1
BEN patients,6
adult cattle,25
cattle,22
NMO,1
bronchoalveolar lavage fluid specimens,1
synthetase/tRNA(CUA,1
colonic fluid,1
solid organ tumor,1
acute renal failure (ARF,3
MERS,119
allo-HSCT,13
gastrointestinal viruses,5
hybrid,5
immune inflammatory,1
WM,44
HSMPD,1
Chronic Myeloid Leukemia Who,1
chronic myeloid leukemia,3
gastrointestinal stromal tumors,3
formalin-fixed,16
CR,14
HR,10
MS-like,2
head carriage,4
head tilt,5
tongue lesions,1
nasal virus,1
p>0.05,6
virus-related,10
one-child-per-couple,1
head and neck cancer,2
Boys,2
virus-related cancers,1
mnm(5,1
Ï6,5
NCs,3
94.3%â100,1
sand fly salivary proteins,1
R0>1,1
pulmonary coronavirus infections is,1
MLD,1
Duchenne Muscular Dystrophy (DMD),1
cuprizone,7
Glioblastoma multiforme,2
GBMs,1
lung collagen,2
colon cancer,8
Ovarian Tumor,2
DBA,5
lung cancer patients,25
Centers,3
pathogens,21
mucosal immune,29
BAL fluid specimens,4
mucosal immune compartments,2
LRTD into 3,1
Nasopharyngeal Pneumococcal,1
rectal swabs,10
LUS,2
RRs,14
HPV-associated tumors,1
oropharyngeal HPV-associated cancers,1
cervical cancers,4
BAL fluid,15
nasopharyngeal swab specimens,9
ASEAN,8
HCC,45
â¥65,1
URTI,8
gastric carcinomas,2
ANCT,1
RLH,1
intestinal immune responses against polio virus,1
PVOD,2
GMS,2
carinii,10
nasopharyngeal swab samples,3
nasal tumors,1
EMR,6
gastrointestinal infections of pigs,1
peptic ulcer,2
CRI,1
MS lesions,1
multifocal/satellite lesions,1
experimentally-tractable,1
megaphone-like,1
IBDs,2
oral liquid (RR 1.43,1
pulmonary specimens,1
skin ulcer,1
mammalian feces,1
RAAS,5
ovarian,16
T3,1
RNA-seq,10
"head,",2
CCCs,2
oral squamous cell carcinoma,5
OSCC,10
OSCC patients,6
multivorans,4
Prostate Cancer Patients,1
prostate tumor,1
prostate cancer patients,15
BPH,4
GOLD,1
poult enteritis complex,2
MmBr,1
acute lung lesions,1
TRAMO-SEATS,1
P>0.05,5
LUTS,5
ICM,7
pancreatic,6
formalin-fixed paraffin-embedded pancreatic tissues,1
SIRS,3
Hematologic Malignancy,2
hematological malignancy,5
Neoplastic Thyroid Diseases Associated with,1
cryoglobulinemia,5
papillary thyroid cancer,1
colon cancer tissues,1
1:40,3
spinocerebellar ataxia type 8,1
spinocerebellar ataxia type 3,1
Burkitt lymphoma,2
oropharyngeal,1
"hematologic malignancy, 9 (16",1
single-lobe,1
CXRs,3
histiocytic sarcoma Cancer,1
histiocytic sarcoma,2
cachexia,7
mycetoma,8
chills,32
estrogen-dependent cancers,1
NTCP,2
T24 carcinomas,1
hepatic Cyp3a,1
brain DCâs,1
well-differentiated pseudostratified human airway epithelium,1
Belinga,1
ICU patients Patients,1
ICU patients,16
Nasopharyngeal Swab,4
upper airway lymphoid,1
A-J,1
BE,28
BAL,10
malignant tumors,13
AEs,22
AML,26
HOVON/SAKK,1
HOVON,1
CFR,8
RPI-Pred,2
http://ctsb.is.wfubmc.edu/projects/rpi-pred,1
meager/weak,1
producer,16
HAM/TSP,1
breast tumors,2
AI-resistant,1
AI-resistant tumors,1
CTEPH,5
CTEPH patients,1
myeloid malignancy,2
leukocytopenia,1
PST,8
RVRp22,11
oropharyngeal samples,4
bacterial+viral,1
RIEMS,1
ARTIs,9
ML-,1
R&D,7
SCT,5
BBD,1
polyviral,1
Râ,1
Renal Tubule,1
cross-border,8
RSM,1
"932,080",1
Ovarian Cancer,1
Î±ENaC,2
RCG,1
EVI,2
Bursal Disease Virus VP5 Polypeptide,1
malignant melanomas,1
MMs,3
mucosal innate immune responses,1
CD200R(-/-,1
2â3,1
RR=1.72,1
Bursal Disease Virus,5
tissues â spleen,1
pulmonary CMV,1
laryngeal mucosal tissues,1
mucosa-associated lymphoid tissue,1
MALT,6
RE,8
IFITM3-rs12252,1
F(40)HGFR(44,1
TMAs,4
TMA,7
intestinal tissues/luminal,1
PVL,1
colon carcinomas,1
CdCoV,1
ocular lesions,2
T2,27
immune components,1
TRALI,15
hepatic PPARÎ³,1
Renal lesions,2
glomerular lesions,1
glomerulonephritis,11
Tumors,6
Neoplasms,3
uterine/ovarian leiomyomas,1
thyroid adenomas/adenocarcinoma,1
pleural mesotheliomas (3),1
glossal papillomas (2),1
hyperplastic,3
renal lesions,4
colonic luminal,1
p(trend,2
labs,7
TAs,3
oligoclonal,3
HCT recipients,4
Head Influenza viruses,1
Relevanceâdata,1
Asisa,1
Tracer,1
xenografts,4
engraftments,1
ferret-badgers,1
gastrointestinal AEs,1
acute lymphoblastic leukaemia cells,1
hand-foot-and-mouth,6
basal IFITM3,1
13â30,1
Milk replacer,4
bicolored white-toothed shrew,1
BC cows,1
1â3,7
medullary carcinoma,1
HCT,10
kidney lesions,5
nasopharynx lymphoid tissue,1
nymphal I. pacificus ticks,1
Flanders,1
MLPs,1
ROs,32
LLC,5
GFD,1
sIgMD,1
4.0â16.7,1
AIC,5
ALRTIs,3
R(2,6
AKI,67
Kidney Disease,1
1.004â1.035,1
mammalian U6,1
ALS,9
FTD,3
RBSDV,1
T16 MAb,1
perivascular CD4+ T lymphocyte,1
NSIP,9
Perivascular CD4+ lymphocyte,1
1963â2014,2
1995â2011,1
IBC,19
HTRs,4
A549 human lung cancer cells,1
Nasopharyngeal swab specimens,3
AA3,1
RTâPCR,11
epidemiology/health,1
0Â·12,1
LCH,1
LCH xenografted SCID mice,1
malignant MGT,1
benign tumors,2
LNs K(i,1
arthralgia,15
PBS-,1
low-grade fever,2
pancreatic ACE2,3
organisms/viruses,1
Roux,1
trachea at 1,1
Brain Meta-Transcriptomics,1
nasopharyngeal (NP) swabs,1
7/10,3
Ovarian Cancer Xenografts,1
xenograft tumors,2
A2780,1
MERS patients,1
T-cell lymphoma,5
January-June,1
sixty-four,1
SMEC,1
RIPLS,3
oral fluid,1
renal XOD,2
nasopharyngeal innate defenses by,1
mucosal FH,1
post-lung,1
acute lymphoblastic leukemia,11
ACPE,3
graft-versus host-disease (GvHD),1
RRT,8
Burkitt lymphoma (BL),1
nasopharyngeal (NPH),1
42/342,1
Rv0888,7
neonatal ddY mice,3
MOF,1
lymphoid tumors,1
Burkitt's lymphoma (BL),1
Hodgkin's disease (HD),1
PTLD,2
Peripheral T-cell lymphomas,1
PTCL,3
Anaplastic large cell lymphomas,1
ALCL,1
epithelial tumors,1
oral hairy leukoplakia,2
OHL,1
oropharyngeal swabs,14
Melanoma,7
B16 melanoma,1
NK group 2 member D,1
NK cellâmediated,1
GENDRES-network,1
intestinal I/R mice,1
Ovarian (A2780,1
http://www.goreni.org/,1
Hepatocellular carcinoma,3
head and body domains,1
Rhinonycterina,1
0.080â0.694,1
0~94,1
KSLM,3
dAd5,1
mouth disease virus,7
R:0.65,1
R-TD,2
Room,4
renal cell carcinoma,5
clear-cell type renal cell carcinoma,1
RCC,4
Ear Fluid,1
MPM,1
MM patients,5
MAHLV,1
Skin Lesions Sanguisorbae Radix,1
Canadian-South,1
44â56,1
Newcastle disease,1
hepatocarcinoma,1
strip(CPA-NATS,1
HBV-expressing hepatocelluar carcinoma cell line,1
corneal inflammatory marker (tumor necrosis factor-Î±,1
renal disease (18,1
STS,9
ALF,6
KSHV-associated,1
NCD,32
ASM,2
7/19,2
DTS,2
head while Q314,1
ascetic fluid titers,1
Salmo salar L) headkidney leukocytes,1
Hemangioma,1
hatch,7
hemangiomas,1
anti-HBV,1
RCREVs,1
Melanoma Tumour,1
MNM,2
cytologic,4
multi-component-compositions,1
oral fluid samples,5
oral fluid IgA,1
sRPNDd,1
MND,2
PCV2,2
R(obs,5
PCD patients,2
lung homogenate,1
Bronchoalveolar lavage,5
pulmonary CNP,1
Bladder Symptom Score,1
eye lens,1
well-developed tumors,1
liver specimens,1
PPP-RNAs,1
RI-002,1
MFON,2
T2 (1â1.8 Î¼m,1
PNs,4
NSW,1
MRSA CAP,1
Pulmonary melanoma,1
pulmonary melanoma,2
ReservoirâHost,1
formalin-fixed paraffin-embedded normal gastrointestinal tract samples,1
Cervical Cancer Patients,1
cervical cancer patients,5
Lung Cancer,7
lung CD11b(+) alveolar macrophages,1
NHs,2
CTs,3
m336,3
high-frequency,2
cancer Adenoviral,1
Malignant Gliomas Malignant brain tumors,1
brain tumor,3
cardiac ACE2,3
cardiac ACE,2
cardiac Ang 1â7,1
antitumour,2
NB,24
basal N-myc,1
Felid herpesvirus 1,1
metastatic melanoma,2
MPC,1
Solid Tumors,1
countries,3
Nasopharynx,3
WHO grade IV gliomas,2
glioma samples,1
gliomas,3
WHO grade IV glioma specimens,1
HDI,3
von Frey filament,1
boils,2
immune complexâdirected antigen,1
hepatic eQTL-drug,1
A(450,1
high-density,1
HCM,1
brain RAS,4
lung pathogens,3
epithelial metaplasia,1
N2,6
Salmo salar) Viral diseases,1
Healthâsponsored,1
50/291,1
ccRCC,3
HepB,1
IBD lesions,1
pulmonary Th1,1
Glioma tumor,1
RDPs,1
hepatosplenomegaly,7
HBV-related HCC patients,1
Anti-tumor,3
cervical cancer U27 tumor tissue,1
mid-frontal cortex,1
IA1,1
T follicular helper cells,2
T follicular helper (Tfh) cells,1
germinal center B cells,3
tumor-derived,1
malignant melanoma,2
renal cell cancer,1
cervical lymphadenopathy,6
SSM,2
NAFLD,11
cardiac renin angiotensin,1
heart Cardio-vascular diseases,1
CCR2(-/-,2
ppNT,1
LRI,13
12â60,1
IDC,9
IDC patients,1
MRD,8
Harbor,2
RatPyV2,1
Pneumocystis carinii,4
mucosal immune system,3
RR 4Â·19,1
HFRS,6
single-viral,1
cortex,25
REH,2
colon cancer liver,3
Xenograft mouse,1
colon cancer patients,3
colon carcinoma hepatic,1
MNA,1
CKD,46
non-cancer patients,1
CKD patients,3
cervical lymphadenopathies,2
brain T2-weighted magnetic,1
MVV,2
UC patients,2
IBS patients,2
URT IgA,1
ASF,1
renal samples,1
modelâBayesian,1
Adenoid samples,2
adenoid samples,3
OME patients,1
insipidus,1
CAD,26
ICCs,1
head with Coldamaris(Â®) lozenges,1
bronchus,1
W/D,4
hepatic virus,1
Huh7 xenograft,1
pollens,2
Pulmonary Disease Viral,1
IRRs,3
NSCLC tumorous,1
NSCLC patientsâ,1
Eye,16
Nasopharyngeal Protein Biomarkers,1
toârespiratory,1
transitional,3
castrate-resistant,1
bronchial carcinoma,1
Bronchial carcinoma,1
LAC,11
goose IFITM1,1
goose IFITM3,2
43/43,1
29/43,1
Intestinal gastrointestinal stromal tumor,1
exophytic,1
gastrointestinal stromal tumor,4
GIST,1
intestinal tumor,1
bronchoalveolar lavage fluid,8
large/medium herds,1
hepatocellular cancer,2
F. hepatica glycoconjugates,1
PMR,2
adult,12
BRD,1
renal ectopia,1
hepatic luciferase,1
RTT,1
Newcastle Disease Virus Newcastle disease virus,1
IDPs,1
HMMs,1
oral squamous cell carcinoma Tumor-associated macrophages,1
biopsy samples,1
MEWDS,2
PN,2
Bursal Disease virus,6
BXA,2
FHC,1
URT specimens,1
Cancer Patients Newcastle disease (ND),1
inbred,3
F. septica,1
comparative/translational,1
multiparental recombinant inbred mouse,1
wild-derived inbred founder strains,1
PIDDs,8
Rose,4
facilitiesâ,1
intestinal viruses,4
ICF,2
P031,1
ROTEM,2
ascitic fluid S. Khedher,1
P082,1
ICU patients A. Vakalos,2
cardiovascular disease (non-cardiac surgery):,1
F. Righetti,1
F. Brazier,3
F. Turani,1
F. Paladino P234,1
haematologic malignancy,1
F. YÃ½ldÃ½rÃ½m,1
adult survivors C.,1
pancreatic cancer,22
F. Jans,1
head -,1
Renner,1
F. GÃ¼iza,1
adrenocortical,1
wild-derived founder,1
Renal Disease,3
94.1â100,1
biopsy specimens,5
JEVR,1
cecal tonsils,6
lung CD8(+) T(RM) cells,3
myalgia 7,1
MOC,1
nasopharyngeal aspirates,10
AS,2
phaeochromocytoma,3
Phaeochromocytoma,1
RMBD,2
poly(ADP-ribose,6
B-cell epitope,2
tissue(s,1
RRMS,3
MME,1
lung cancers,4
GBS,5
EBV-driven B-cell,1
IgG-secreting hybridoma,1
RT-RPA.Thirty-two,1
RNA-seq/PVG,1
HIVAN,1
renal biopsies,1
C30,1
MERS-CoV-induced,4
nasopharyngeal strains,1
xenotransplantation,9
âcharacteristic attributesâ,1
piglets,9
whole-lung,1
FB,1
Nasopharyngeal pneumococcal carriage,1
nasopharyngeal pneumococcal,1
RRP,1
Pulmonary Disease Chronic obstructive pulmonary disease (COPD),2
transplantable tumour,1
lung carcinoma,1
post-mortem,6
iLIR@viral,1
pleural,2
Ctenopharyngodon idellus),1
Bid(-/-,3
GCRV-triggered,1
castration-refractory,1
castration-resistant,1
castration-resistant prostate cancer,1
Residentsâ,2
ARCO,4
Crohn's disease,12
aGVHD,4
grade III aGVHD,1
nasal fluid,3
prostate carcinoma,2
earlier-stage ONFH,2
multipartitism,2
malignant neoplastic lesions,1
Regulationsâ,1
447/500,1
intestinal B-cell lymphoma,1
histopathologies,2
ovarian tumor (OTU)-like protease/deubiquitinase,1
lymphoid lesions,2
boys,1
brain T(RM) cells,1
piglet carcasses,1
sarcoma,3
mediastinal,3
kindergarten,4
GDD,8
CVCVA5,1
follicular CD20,2
pulmonary follicular CD20+ lymphocytes,1
nasopharyngeal carcinomaârelated,1
PEx,17
MRM,18
LTBI,1
BLI,1
cardiac troponin,2
Osteosarcoma,1
ovary,3
liver cancers,1
anti-osteosarcoma,1
CVI,1
Utrecht,2
Roc-A,3
Nasopharyngeal CCL5,1
mucosal CXCL8,1
GFM,1
solid cancer,1
hepatocellular carcinoma [HCC],1
POP,1
ulcer,7
OVs,1
spatioâtemporal,2
communityâacquired,2
22Â·8,2
Non-muscle Invasive Bladder Cancer,1
bladder cancer,3
bladder tumor,1
TURBT,3
NMIBC,1
Nasopharyngeal Swabs,3
Synovial fluid,3
IMPA,1
chronic lymphocytic leukaemia,2
non-transplant haematology patients,1
cholecystitis,1
F. carruthersi,2
Anaplastic Lymphoma Kinase,1
neuroblastoma patients,1
anaplastic lymphoma kinase,1
CUP,1
CMLs,2
4.1/10000,1
intestinal microfold,1
ovarian carcinoma,1
tumor cellsâ,1
Forty-four,4
SSPE,16
MUPs,3
AOB,1
pancreatic cancer Pancreatic cancer,1
Panc02 tumor,1
Solid cancer,1
leukaemia,4
intestinal cancers,1
susceptible-exposed-infected-quarantined-recovered,1
HSCTs,1
graft-versushost,1
Acral melanoma,2
acral melanoma,3
Duchenne muscular dystrophy,1
immune system organs,1
oral poliovirus vaccine,4
immunodeficiencies,19
EPIC,3
HSCT recipients,3
lip,2
AHEM,2
PROMISE,1
BSE,3
relapsed,2
Small-cell Lung Cancer,1
Small-cell lung cancer,1
SCLC,5
SCLC patients,3
exon(s,1
Rhinothermy,1
rhinothermy,1
CF mouse,1
GPs,14
A-D,2
lung-transplanted patients,1
genital lesions,2
TME,2
cancer cachexia,7
turnstone,1
ICH,8
GMH,1
MERS-CoV-induced lung,1
Prostate Cancer Prostate cancer,1
Nasopharyngeal Carcinoma Latent membrane protein 1,1
REC,7
cockroach allergens,1
CFC,2
intra-tumor,1
graft-versus-host,11
HCT patients,4
NGOs,1
RSI,18
RSV-only,1
esophageal cancer,3
hepatoma cancer,1
malaise,4
AT,4
RtF-RT-LAMP,2
OMT,4
skin cancer,6
gastrointestinal infections (,1
MRG,1
RT-LAMP-VF,1
adeno-,7
17.6Â±2.5,1
liver cancer patients,1
Lung cancer,8
R(E,3
MIA,1
RosettaES,1
HIE,1
peritubular lymphocytic infiltrates,1
ICU survivors,3
R(c,1
membersâ,1
MVP,1
Cancers,1
TDL patients,3
brain natriuretic peptide,2
Bronchoalveolar Lavage Fluid,4
Cross-border,2
mammary tumors,4
formalin-fixed paraffin-embedded,2
FFPE,5
Anti-cancer,2
polyarthralgia,5
Rat,13
B-lineage lymphoma proto-oncogene B,1
BCL,5
BCLs,1
RRMS patients,2
BDT,2
Relapsed,2
B-cell acute lymphoblastic leukemia,1
B-ALL,1
relapsed B-ALL,2
tonsil samples,1
prostate cancer mouse,1
LAI,2
interstitial lung,7
8/9,4
Network,2
congestive right heart,1
Ribo-seq,2
b,1
4/10,1
squamous cell carcinoma,6
PSCC,3
PSCC patients,3
LN,4
early-stage PSCC patients,1
proinflammatory/antiviral,1
1.30â151.05,1
GD,2
intestinal crypt necrosis (,1
R(f,1
hCoVâhost,3
Flagellin-SAPN,1
upper airway â,1
naso-,5
UTM,3
R-BIND,1
NbMS10,1
BL,1
Hodgkin lymphoma,2
HL,5
PEL,9
lung specimens,1
apoptosis-resistant glioblastoma,1
breast cancer patients,24
TNBC,8
TNBC patients,7
organ transplant/chemotherapy recipients,1
kidney samples,6
COPD lung,1
RAGEâligand,1
brain cancer,2
tumor lesions,1
IDSA/ATS,2
acute-type,1
MONT,1
RV1AâiLOV,1
PMC,1
MBT2,1
HPV-associated cancers,4
RMK,1
12.1â26.79,1
RaPestV-1,1
MDO,2
hepatic CEACAM1,2
bronchospasm,1
Tonsil Squamous Cell Carcinomas,1
MSI,1
lung tumors,1
oropharyngeal cancers,1
tonsil tumors,1
Formalin-fixed,1
tonsil tumor samples,1
CF lung,6
chemoresistant,2
TCGA,8
doxorubicin-resistant,1
Rev-NoLS,3
M6,1
South-South,3
3/3,6
Pre-B acute lymphoblastic leukemia,1
pre-B ALLs,2
Salivary Proteins,1
L. longipalpis salivary antigen LJM17,1
ASGs,3
pancreatic carcinoma A 12-year-old spayed,1
pancreatic carcinoma,4
mosquito-waterbird,1
Oral Squamous Carcinoma Cells Extract,1
HOSCC,2
HRs,5
peripheral lymphoid organs,3
cardiac coxsackievirus,1
myocardial CVB,1
embryonic chicken lungs pre-hatch,1
post-hatch,2
Ma-Xing-Gan-Shi-Tang,1
patient-physician,1
scores/lesions,1
Glc(3)Man(9)GlcNAc(2,1
Duchenne Muscular Dystrophy Duchenne muscular dystrophy (DMD),1
1â7,2
18Î±-GA,1
salivary proteins mYEL1,1
pollution-mask,1
anti-fungal,2
NTM lung,1
Q1,9
L3,1
ESRD,17
RI,1
DNM,1
pulmonary NETs,2
RS,11
ALD,6
TCTR,1
Gynecological Cancers,1
Gynecological cancers,1
gynecological cancers,2
Wilms Tumor antigen 1,1
buccal swabs,1
intestinal IgA Ab-secreting cells,1
L1210,3
Anorectal Cancer,1
pleomorphic,8
metastatic rectal cancer,1
rectal cancer,2
melanoma tumor,5
FD,1
immunocompetent adult mice,1
GtACR1,1
BCC,6
CGGA,1
lower-grade glioma,1
glioblastoma (GBM),1
ovarian tumor,16
ovarian tumor protease,2
Catalonia,2
Emphysema A 79-year-old gentleman,1
MCF-7 human breast cancer cells,3
AEâIPF,3
"72,041",1
T2 PHQ-9,1
HVs,7
Hepatocellular Carcinoma (HCC) Cells,1
HCC patients,5
Newcastle disease virus nucleoprotein,1
QNFTs,1
90â100,2
GGCGGUGGUGGCUGGG,1
UCBT,5
post-UCBT,4
hepatomegaly,5
RTI patients,1
coma,2
hemisphere,8
GBS patients,1
ILD,4
FeMV-GT2,2
FeMV-GT2 feline primary epithelial cells,1
C3P3-G1,3
ALI patients,2
32D6,1
mucosal immunoglobulin A,1
MPNs,1
solid malignant tumors,1
lung CD11c(+) cells,1
IMHA,4
RT-iiPCRs,1
flounder,2
flounder fish,2
pleural fluid),1
Well-differentiated pseudostratified human airway epithelium,1
Gastric cancer,1
gastrointestinal cancers,1
pentraxin-3(PTX-3,1
Nasopharyngeal VLs,1
10.1186/s13568,2
non-camelid,1
renal CD45(+) infiltrating cells,1
renal proximal tubular epithelial cell,1
nasopharyngeal (NP) swab samples,1
APRI,3
MiddleâEast,1
Colorectal cancer,2
seventy-four,2
nasopharyngeal viral pathogens,1
PIDs,12
LPD,1
glial tumors,1
grade 3 tumors,2
hematological cancer,6
solid tumor,3
eumycetoma,4
Mycetoma,2
mycetoma patients,2
mycetoma infection â¥ 5,1
eumycetoma mycetoma,2
pancreatic ductal adenocarcinoma,2
PDAC,10
PDAC malignant tissues,1
Rectal swabs,1
Pneumocystis carinii f. sp.,2
OV,2
BAV,2
tongue,6
post-mortem lesions,2
nasal cytology,1
neoplasia,35
nasopharyngeal bacterial flora of,1
1.03â1.79,1
T2 hyperintensity,1
QÎ²,2
AVS,2
promotor-enhancer,1
Pancreatic Cancer,1
LAPC,2
LAPC patients,1
neonatal SCID mice,1
94683,1
EOC,3
Malignancy,2
HCC malignancy,1
tumor xenograft mouse,1
studeis,1
NPEVs,1
R/C,2
OPS,2
alimentary specimens,2
weavers,1
QI,1
GP(cl,3
EOs,2
oral type I feline,1
ENC,2
PW,1
APS,5
gastric carcinoma,1
EBV-driven cancers,2
RESULTADOS,1
Aichi,1
Cancer Immunotherapy Cancer,1
within-host,1
Epithelioma papulosum cyprinid,1
arterivirology,1
NCIPH,2
germinal center B cell,1
bronchoalveolar lavages,1
bladder neck,2
ICGN,1
Renal samples,1
IRIS,3
MPGN,1
CIN,4
MIS,1
inflammatory-driven,1
thoracic tumour,1
gastrointestinal communicable diseases,1
age-frequency-matched,1
Anti-Cancer,2
melanoma gp100,1
splenic marginal zone lipid rafts,1
LRs,5
splenic LRs,1
cadavers,1
splenic SIGN-R1(+) macrophages,1
hepatocellular cancers,1
Malignancies,2
PE-ELISA,1
âPublic,1
ISS,2
heart specimens,1
piglet,4
PDs,3
RLP(3,1
pulmonary pathogens,5
pulmonary pathogens (P,1
cerebellar medulloblastoma,1
cardiopulmonary,3
Head and Neck Squamous Cell Carcinoma,2
head and neck squamous cell carcinoma (HNSCC),2
HNSCC,13
HNSCC patients,2
CC patients,1
CAP children,3
GTV,1
NZM light chain,1
NZM,1
Fibrotic Lung Disease,1
nasopharyngeal specimen swabs,1
MHS,1
RVC,3
RIP-seq,1
pandemicâthe,1
pancreatic tumor,5
HapT1 pancreatic tumor-bearing hamsters,1
glioblastoma multiform,1
Hematoma,1
hematomas,2
CML calves,1
promyelocytic leukemia,1
HPE,2
High CD56(dim)/CD56(bright) NK Cell,1
transplantations,1
acute myelogenous leukemia,2
graft-vs.-host,1
PSV1,2
MPP,1
NSCLC patients Cisplatin-based,1
NSCLC patients,8
LAV,1
testicle lesions,1
breast cancer Human embryo lung cellular,1
cancer-adjacent normal breast tissue,1
Ehrlich,1
ko04662,1
PHW,4
Newcastle disease virus Newcastle disease virus,1
tonsillar immune,1
tonsillar cytokine,1
acute inflammatory lung,3
HCT-116,1
66â90,1
glioblastoma/astrocytoma,1
EBV-associated cancers,1
mesothelioma,1
ISSS,2
RG,4
solid organ malignancy,1
R(j,1
Fiftyâeight patients,1
nasal lavage fluid,2
PID,1
WMD,3
EBV-associated nasopharyngeal carcinoma,1
post-allergen,1
pIL-11,1
acute leukemia,6
local/regional,3
ESRD patients,1
colorectal cancer Cetuximab,1
metastatic colorectal cancer,3
mCRC,1
nasopharyngeal swabs (DNS)/steer,1
breast cancer Breast cancer,1
cirrhotic patients,3
CCUs,1
throat swab/nasal swab,1
ILDs,6
Salmo salar L,1
RBD-TcdA/B,1
Breast Lesions,1
malignant and benign breast lesions,1
breast lesions,1
pan-viral,4
acute tonsillitis 2,1
neoplastic viruses,1
timeloss,1
CMM,13
3D,1
EIC,4
kidney ACE2,2
kidney RAS,1
SAM children,1
muscle ARNT-like 1,1
pulmonary adenocarcinoma,2
pulmonary immune responses,1
early-stage,4
WRI,2
skin cancers,1
oral specimens,1
RN,1
brain renin angiotensin,1
brain angiotensin converting enzyme (ACE)/Angiotensin II (Ang II)/Angiotensin type-1 receptor (,1
mammalian ACE2,2
GPsâ,1
peoplesâ,2
IPFTs,1
FEV(0.75,1
Rs-BtAAV1,1
Kidney Disease Chronic kidney disease (CKD,1
cardiac troponin T,1
head and body motions,1
hematologic cancers,1
lung adenocarcinoma Lung cancer,1
Lung adenocarcinoma,1
pulmonary cancer,1
lung adenocarcinoma patients,2
lung adenocarcinoma tissue,1
P21S10,1
NHA,1
Histiocytic sarcomas,1
Heart Disease Patients,1
SSc,7
bronchogenic carcinomas,1
brain serotonin,1
preneoplastic lesions,1
refractory/relapsed multiple myeloma patients,1
refractory/relapsed multiple myeloma,1
MCLs,1
Infektionskrankheiten und ihre Codierung,1
von Patienten,1
TC-1 tumor,1
L. casei-PgsA-E6-induced antitumor,1
CAMS,5
extra-pulmonary graft-versus-host,1
Lectins,2
immunoenhancer,1
ARDS/ALI,1
non-Hodgkin lymphoma,9
non-Hodgkin lymphoma patients,1
NHL patients,1
NHL,2
thoracic CTs,1
splenic lymphoid,2
Die Bedeutung von Coronaviren,1
seltener,1
194909,1
AHRF,11
acute heart failure/ cardiogenic pulmonary edema,1
nasal HIB,1
aGvHD,1
nodulus,1
Caffey disease),1
RBCV,11
NCP BVDV strains,1
NCP BVDV,2
preparations,2
NIP,4
RDE,9
Newcastle disease virus quasispecies,1
archival,2
adult pig thyroid cell culture,1
adult cattle A,1
ear fluid,1
organomegalies,1
sialoadenitis A,1
virus-related ARTIs,1
118/197,1
HAD,9
sialoadenitis,1
RCV,4
mouth disease Enterovirus 71,1
bloodstains A large,1
anal swabs,1
G-401,1
RCVs,12
duodenal brush border vesicles,1
acute lymphoblastic leukemia A,1
granulomatous lesions Feline infectious peritonitis (FIP),1
asthma/COPD,1
RPM-IVDC4,2
intestinal organ cultures A coronavirus,1
intestinal organ cultures,1
adult cows Bovine torovirus,1
NRVI,2
ascitic fluid,7
CPE,7
R=13â25,1
RSV-B/BA10,1
99.1â99.7,1
nasal swab suspensions,2
rectal swabs until 14 DPI,2
NANB PT hepatitis,1
cross-detection,1
piglets Porcine,2
RTD,2
high-signal,1
cerebral cortex,3
kidney Î±(2A)-adrenoceptors,1
Gastrointestinal Stromal Tumor,1
mesenchymal tumors,1
CD117-negative mesenchymal tumors,1
gastrointestinal malignancies,1
cribiform ductal carcinoma,1
DCIS,1
well-differentiated tumours,1
islet amyloid peptide,1
osteosarcomas,1
kidney patients,2
post-severe,1
lymphatic leukaemia,1
lymphatic leukemia,2
buccal samples,1
RPEC,1
thyroid oncocytoma,1
oncocytic tumors,2
peripheral FGL2,1
Thymic stromal lymphopoietin,1
circulatory failureâa,1
agammaglobulinaemia,1
sectors/agencies,1
human-modified,1
CBS,4
13â22,3
high renal K(+,1
pseudohyperaldosteronism,1
ACLF patients,1
nasopharyngeal rhinovirus,1
leukemias,4
central APN,1
renal tubule APN,1
bone xenografts,2
AAA,4
ALRI pathogens,1
renal pelvic cancer,1
renal pelvis,1
RPC,4
Neural Network,2
cancer immunotherapy-,1
PMFs,2
RFV,2
pleural effusions,1
newly-diagnosed,1
MGs,1
MVA,1
CHB patients,2
myeloid leukemia,3
Lymphocytopenia,3
Children Acute rhinosinusitis,1
interstitial fluid (ISF),1
ANFH,10
renal IRI,3
QSAM,1
VMED,3
pseudocysts,1
Brain Physiology,1
brain immune,1
mammalian coronavirus,1
IDD,1
proventriculitis type,1
LPM,1
8098 people,2
NALF,1
BOVs,2
lung aspirate specimens,1
F7,1
BCS,6
47832c,1
HSCR,5
megacolon,2
systemâand,1
larynx swabs,1
high-grade,4
polycystic ovary,1
ascitic fluid titers,1
AHSCT,3
BAL VL,1
hematopoietic SCT,6
grade IV graft-versus-host,1
granulocytic sarcoma,1
TGV,1
Graft-versus-host,2
breast tumor,3
muscle/liver,1
acute graft-versus-host disease Lung,1
pulmonary patients,2
RC,9
mucosal secretions,1
hematopoietic SCT recipients,2
Pulmonary cGVHD,1
exotic-pet,1
brain antigens,3
MHV-A59-,2
"lungs(9,10",1
lung oedemas,1
RIFLE,2
acute lung failure(3,1
peripheral CD8(+) T cells,1
lung failure(8,1
Solid,7
mannose-mannose,1
extra-pulmonary SARS-CoV-2 samples,1
DCM,3
skin-based tumours,1
mesangiocapillary glomerulonephritis,1
REASSURED,2
naphthalene-injured mice,2
cardiovascular disease The reninâangiotensin,1
TGEN,1
"multi-organ failure(1,2",1
HID patients,1
Full-Term,1
acidbased,1
acute lymphoblastic leukaemia,1
lung CD4(+) T cells,1
Oropharyngeal Swabs,1
Oropharyngeal swabs,2
acute myeloid leukemia cells,1
cGvHD,1
acute community-acquired lower respiratory tract infections,1
multi-vessel lesions (P,1
RSV-RADT,2
economic-public,1
acute inflammatory lung disease Inflammatory lung,1
solid organ transplants,2
hypopharyngeal malignancy,1
Squamous metaplasia,2
malignant gliomas,4
invasive/metastatic malignant melanoma,1
Kiel,1
EMG,2
ICU care,1
intestinal F(+) E. coli strains,1
nasopharygeal swabs,1
solid organ,3
solid organ transplant recipients (SOTRs),1
FDA,1
7/14,1
extragastrointestinal,3
poult enteritis,4
30/30,4
IB2,3
RTâqPCR,1
RVFVpv,1
PCV7,1
Nasal Swabs Respiratory viruses frequently,1
Nasal MxA,1
Nasal viperin,1
Brain Rocio virus (ROCV),1
URT RV,1
Newcastle disease virus antiserum,1
intestine/abdominal multivisceral,1
ovx-2,1
trimethoprimâsulfamethoxazole,1
agammaglobulinemia,1
Rec-CAP,3
FDA-approved/cleared,1
pulmonary diseasesârelevance,1
nasopharyngeal swab,3
Nasopharyngeal,5
mild-disease,1
Pulmonary Disease Acute exacerbations,1
IHD,7
renal insufficiency (214 Â±,1
CKD stage 3â5 leukocytes,2
Pulmonary Disease Patients,1
"bronchopulmonary dysplasia (OR, 1.7",1
"head and neck, upper",1
oral presatovir,2
adult respiratory syncytial virus,1
nasal RSV,1
kidney donors,1
malignant carcinomas,2
genital cancers,2
cardiac dystrophin,1
FRDA,2
FRDA patients,1
ovarian follicular,1
SSc patients,1
B-cell lymphoma 6,1
follicular T-cell,1
HRV-infected patients,1
MCL,3
Endometrioid Adenocarcinoma,1
endometrial endometrioid adenocarcinoma,2
endometrioid adenocarcinoma,1
endometrial adenocarcinoma,1
RTâ,1
ovarian cancers,7
ovarian tumor samples,1
benign ovarian tumors,1
gastrointestinal cancer,5
gastrointestinal cancer patients,1
FXS,1
RatÃ³n,3
nasal swab samples,1
Hematological Cancer,1
intestinal immune system,3
heart weight-to-body weight,1
mammary gland carcinoma,1
fibroadenomas,1
aorta,1
epideomology,1
lung lesions in feedlot cattle Bovine respiratory disease (BRD),1
lung lesions [LL]),1
uterine cervix,1
papillomatoses,1
Pulmonary Disease BackgroundThe,1
nasal aspirates,11
ResultsOne,1
anti-filoviral,2
longissimus samples,1
mammary adenocarcinoma,1
hemangiosarcoma,1
fibrosarcoma,1
gastric Helicobacter,1
ileal PP (10.0) in IF pullets,1
itinerary-tailored,1
Cross-Border,1
mucosal vaccines,1
oligonucleotide-based,2
strains/samples,1
Cancer patients,9
antitumoral,1
ascitic fluid samples,3
http://www.hhs.gov/nvpo/pandemicplan,1
Children Acute respiratory viral infections (ARVIâs,1
early-stage cancers,1
EBV-lymphoproliferative,2
CTC,1
HER2-expressing ovarian,1
RCoV-AT1,1
Prostate Cancer,3
EVW,1
Brain samples,1
acute adult lower respiratory tract,1
HeLa-H-EAVP80,1
OD(450,1
Clone,1
intestinal immunoglobulin A,2
18/22,2
HPV-associated cancer,1
HPV-positive cancer patients,1
oropharyngeal cancer patients,1
HPV16-associated cancers,1
HPV16-positive cancers,1
mammalian cells(2,1
RNA(7,1
translation(9,1
biliary glycoprotein,3
nasopharyngeal phlogistic (NP) tissues,1
gastrula,1
MDs,2
p<0.0003,1
thyroid hormone,1
inv,1
ororpharynx,1
GLPS,1
PSMA-expressing tumors Prostate cancer cells,1
PSMA-expressing tumors,1
RIPK3(â/â,1
RESULTSâAn,1
Nasopharyngeal Samples,1
Right-Censored,1
RCPAQAP,1
Newcastle disease virus hemagglutininâneuraminidase,1
18â53,1
adult F1,1
Renal tubular ACE,1
Renal ACE,1
Cervical cancer,2
CRT,1
renal cortex,1
Bats,1
mammalian adenoviruses,1
CRSwNP,2
CRSwNP patients,2
Skin cancer,2
basal cell carcinoma,1
PTB,1
lachrymal IgA,1
40â70,1
head and neck tumor tissues,1
low-grade pyrexia of 37.7Â°C,1
myxoma,1
ALF patients,3
mucinous,1
RVA PDE,1
Riboviruses,1
adult immunocompetent mice,2
CND,1
singleâdose,1
multiâdose,1
Brain Bovine herpesvirus 1,1
NDN patients,1
serpins,1
CLQ,1
A549 human lung epithelial cells,1
AHF,4
head and neck squamous cell carcinoma (HNSCC) cells,1
mega-disasters,1
RVPCR,2
NK cell-resistant P815,1
aged-animal,1
RIA,10
O/E,2
cardiovascular disease,1
Lesions,4
thymic lesions,1
well-differentiated,1
RR3,1
RVP,5
ADPKD,2
cystic,1
fetal lung fluid,1
Brain Renin-angiotensin System ACE2,1
brain renin-angiotensin system (RAS),2
OED,2
chills disappeared 3,1
KSHV-associated tumors,1
Brain ACE2,1
brain Renin Angiotensin System,1
brain ACE2,3
NT mice,1
Rab9/CD-M6PR/cathepsins,1
RSV/A/Tracy,1
xeno-engraftment,1
sickchildcare.org,1
hand-foot-mouth,1
mucosal CD4(+) T cells,2
mucosal CD4(+) T cell,1
Nasopharyngeal Swabs Stored,1
lupus-like,1
nasal mucosal immune system,1
epithelioma papulosum cyprini cells,2
adrenal cortex,4
adrenal cortex cancer,1
G8-centred,1
epithelial carcinomas,1
gastrointestinal OTCs,1
OMIM,1
renal RAS,1
B16-OVA tumors,1
Capsule,1
Bursal Disease Virus Infectious bursal disease viruses,1
melanoma Melanoma,1
VIN,3
colon cancers,1
liver sections 12-24,1
SGC-7901 xenografts,1
gastric tumors,1
PHV,4
Nasal Swab Specimens,1
NPA specimens,2
renal ACE,2
High-grade immunodeficiency,1
RAVR,1
SCTs,2
rMSG1,1
chronic lymphocytic leukemia cells,1
knee osteoarthritis,2
RIT anti-tumor,1
blood cancer,2
rectal specimens,1
kidney disease Angiotensin-converting enzyme 2,1
lung T(CD8,5
spleen T(CD8,1
Jugular Vein Catheters in,1
MSIs,1
brain gangliosides,1
PNS,1
FFP,1
genital mycoplasmas,2
quail Tva receptor (sTva,1
LTx recipients,3
LTx,1
gastrointestinal (230 [32.1,1
CNS Pathology Human immunodeficiency virus-1 (HIV-1)-infected monocytes/macrophages,1
Cardiovascular Disease,1
Salmo salar L.,2
hepatocellular adenomas,1
hepatic tumors,2
nontumor,1
gastrointestinal p=0.002),1
MCD,4
Tumour,2
rhabdomyosarcoma (RD) cells,1
intermediate-,1
germinal center (GC,1
Intestinal lesions,1
myeloid leukosis,2
cervical carcinoma Cervical cancer,1
GOF/PPP,2
hepatocellular carcinoma tissue,1
organ specimens,1
Oral,1
one-second,2
Rh(D)-negativity,1
chronic myelomonocytic leukemia,1
CMML,4
Mucosal parainfluenza virus-vectored vaccine,1
Cancer Vaccine,1
B16-F10 melanoma,1
Nasal cytokine,1
nasal aspirate IFN-Î³,1
GI-23,1
colorectal cancers,3
ÎT(exp-insp,2
colorectal cancer patient,1
islet ACE2,4
Islet ACE2,1
pancreatic ANG II,1
FFR,14
nasal fluid swab specimens,1
Java3D,1
nasopharyngeal carcinomas,2
NPC tumors,2
B-lineage,1
principles/molecular,1
Kaposi Sarcoma-associated Herpesvirus ORF45,1
Kaposi sarcoma-associated herpesvirus lytic,1
BacT/Alert,1
11-mo,1
Brain RAS,1
irradiation-induced,1
Pancreatic adenocarcinoma,1
pancreatic adenocarcinomas,1
pancreatic cancer-associated antigens,1
MRL,1
intestinal lymphoid tissues,4
intestinal memory B cells,1
IPS,3
ezVIR,1
ovarian tumor domain-containing,1
Mucosae,2
lavage samples,1
cardiovascular,1
leukemia-free,1
IPAH,1
IHH,1
Liddle,1
Monoclonality,1
Cancer Res 60:1777â1788,2
Breast Cancer Res,1
ACR,14
R80A/E82A-ExoN(+,1
germinal center B-cells,1
8ab(+,1
lung lavage fluid containing,1
lung lavage fluid,2
head and neck (SCCHN),1
TIL,17
SCCHN,1
MIRAGE,5
Int(cv,1
RVNAT(SP,2
non-malignant disease,1
CHF,5
nasopharyngeal otopathogen,1
acute left ventricular failure,1
melanoma tumors,1
mammalian tumors,1
33/43,1
esophageal carcinomas,1
squamous cell carcinomas,3
Cervical Cancer,4
low-grade squamous intraepithelial lesions,1
high-grade SIL,2
squamous carcinomas,1
low-grade SIL,1
Nasopharyngeal Flocked Swabs,1
nasopharyngeal flocked swabbing,1
ovarian tumor domain-containing protease,1
beâit,1
ACA,2
intestinal mucosa.(3,1
RNA-inhibitory,1
RV+,9
RESPTCs,1
sporadic colorectal cancers,1
myeloid C-type lectin,1
lung fluid proteases,1
high-grade cervical lesions,1
high-grade HPV-18-expressing cervical lesions,1
peripheral T,1
CNS infiltrating virus-specific CD8 T cells,1
mediastinal adenitis,1
gastric cancer antigen MG7-Ag,1
gastric cancer 7 antigen mono-epitope,1
EAC tumor,1
gastric cancer 7 antigen,2
gastric cancer vaccines,1
mucosal IgG,1
mammary mucosal immune responses,1
pre-B-cell,1
early-stage tumor,1
of-work,1
Kaposi,1
Hematologic Malignancy Patients,2
Myeloid PPAR-Î³,1
myeloid PPAR-Î³,1
Kaposi sarcomaâassociated herpesvirus,2
Kaposi sarcoma,2
acute hepatitis B patients HBs antigen (HBsAg)183â191,1
PTs,4
Ranaviruses,1
nasal IgA antibodies,1
colon specimens,1
neoplasias,2
PAM,2
PEM,5
PAND,2
sNsp15,1
koi,3
lung fluid,3
RCN-G,1
pulmonary STAT,1
heart-lung,1
RABV/ZEBOV,1
Crohn disease: A,1
gastrointestinal tract.(1,1
lymphopenia,4
RBD219-WT,1
BAL FARPs,2
Breast cancer,2
stage 0-III breast cancer,1
self-epitopes,1
well-differentiated respiratory epithelial cells,1
non-E hepatitisâis,1
BAL fluid samples,1
lymphoid follicular architecture,1
oral ACE2,1
mammalian picornaviruses,1
graft-versus-host disease,5
B16 tumours,1
seasonal/secular,1
MCPyV-positive tumors,1
B16/LT tumor,3
B16,1
B16/LT tumors,1
M132-161,1
choriocarcinoma,1
trophoblastic neoplasia,1
Clin,2
agenciesâ,1
auto-,3
head areas,1
cellular anticancer,1
head trauma,3
papilledema,1
adult hematologic malignancy patients,1
head regions,1
liver angiotensinogen,1
lateral recumbency,1
lung antigen,1
GI genogroup,1
pulmonary T-cell,1
bronchial alveolar lavage fluid (,1
KSHV-associated malignant diseases,1
gastric adenocarcinomas,1
SLOs,2
nonmelanoma skin cancer,1
4/295,1
renal pathology,4
GCBRs,1
SETs,3
ovarian tumour (OTU)-like deubiquitylating enzyme,1
factor-positive,1
ADCs,2
hepatic ACE2,1
Î³-retroviral,1
in-fants,1
plasmacytoma Interleukin-10,1
MDA-MB-435 Xenografts,1
MDA-MB-435 xenografts,1
mucosal antigen-specific immune,1
city-wide,3
brain renin-angiotensin systems (RAS) by 6,1
BMX,1
ChP RAS components,1
brain renin-angiotensin system,1
malignant human glioblastoma U87ÎEGFR cells,1
intracranial U87ÎEGFR tumor,1
hepatic IL-6,1
mouth,2
prefibrotic lesions,2
RCD,5
cervical intraepithelial neoplasia (CIN),1
Rat ACE2,1
pulmonary cell-mediated immune (,1
pulmonary CMI,2
prefrontal cortex IFITM,1
RC1,2
CF mice,1
RTSL-DRTE,1
betanecroviruses,1
patient-derived xenografts,1
brain tumor exosomes Brain tumors,1
brain tumors,3
brain tumor exosomes,1
kidney cortex ACE2,1
nonbacterial acute gastroenteritis,2
lymphoid,2
intestinal lymphoid hyperplasia after rotavirus infection,1
ILC,1
intraepithelial,1
intraepithelial ILC1,4
preinvasive HPV16-positive lesions,1
mTB,1
VSs,1
SMD,1
Lymphocytic Leukemia,1
PCTs,1
post-LTx,1
Bat-SCoV,1
KSHV-associated malignancies,1
mucosal compartments,1
T,1
ÎT,1
nipple aspirate fluid,1
Pavo cristatus) IFN-Î±,1
Pavo cristatus) IFN-Î± (PcIFN-Î±,1
live-host,1
brain homogenates,1
Oropharyngeal swab specimens,1
palatine tonsils samples,1
palatine tonsils (PT),1
bladder lesions,5
adult Femoral Head Avascular Necrosis,1
pulmonary Oct-4(+) stem/progenitor cells,1
pulmonary Kaposi's sarcoma (16,1
minileader,1
82.4,1
granuloma,2
pulmonary CD8(+) cytotoxic T lymphocyte,1
myeloid BCL6,1
lung cancer vaccines,1
advanced-stage,1
Cervix,1
cervix,2
lymphomas,7
RRTRK,1
singleâinfection,1
resonance-frequency,1
AVP-p,2
smoldering,1
toolsânecessary,1
URT pathogens,1
Kaposi's Sarcoma-Associated Herpesvirus/Human Herpesvirus 8-Induced Phosphatidylinositol 3-Kinase,1
44Â·1,3
Malaysia-Singapore,1
species-,1
10(0,1
callus,1
acute pancreatitis,1
acute pancreatitis (AP),1
M-AP,1
IL-18(â/â,4
Foxp3(+)T(regs,1
thymoma Anti-cytokine autoantibodies,1
thymic epithelial neoplasms,1
88.23,1
IID,1
Gastric Cancer,1
salivary IgA cross-reacted,1
ENF,10
CHF rabbits,1
Nasopharyngeal Swab Specimens,1
hepatic IFN-Î±,1
Kidney Physiology The renin-angiotensin system,1
liver lesions resembling PBC,1
1950,1
head and neck squamous cell carcinoma Cytoplasmic,1
GEO,1
95.5,1
-M2,1
91Â·1,1
pancreatic serine,1
Knee,1
Rindflesch,1
t(1/2,1
AML patients,2
Promyelocytic Leukemia,1
non-promyelocytic AML,1
Renal Disease (MDRD)-based,1
hepatic GRP78,1
1991â7,2
RRRR(690)/S,1
neuroendocrine hormonesâsuch,1
Cerebrospinal Fluid,1
renal insufficiency,5
oropharyngeal swab samples,1
PBOO,3
WJV,2
PLI,2
end-stage renal disease,1
B16F10 melanoma,1
osteosarcoma,1
PIV-infected patients,1
acute lymphocytic choriomeningitis virus,1
RdHEVEm40,1
HEV-C1,1
GCFs,2
CV-A24,2
renal Na(+,1
kidney allograft recipients,1
TCMR,2
TCMR kidney allografts,1
smoke-induced,1
IIIb,2
Granulomas,2
formalin-,1
Rab7(+,1
RlucRep-NS5mt,1
GLV,1
lung neoplasia,1
FLs,4
acute T-cell,1
mammalian CoV,1
R662,1
p<0.038,1
liver granulomas,1
8098,4
lymphocytic choriomeningitis virus,3
Wilms Tumor Suppressor 1,1
adult WM,1
metastatic lymphoma,1
mouth disease viruses,1
Soma,2
estonian children Kaja Julge,1
COPD Patients,2
Nasal Feno,1
Ri-Yeon,1
RÃ¶tzschke,1
Head and Neck Dermatitis,1
Thymoma Suk Yeon Kim A477 IL-23,1
Children - Self-,1
Nasal Polyp,1
Breast Milk,1
Rutten,1
Child-Pugh A,1
hematological malignancies Violeta Molagic,1
brain autopsies Ioan-Alexandru,1
lymphoma â,1
pancytopenia â,1
cervical pathogens,1
Ramona-Alexandra,3
Tinea incognita â,1
benign prostate hyperplasia Corina-Daniela Ene,1
geometrid,1
IBI,2
CNS tumors,3
CNS tumor,1
Nonmalignant tumors,1
Gliomas,1
medulloblastomas,1
pilocytic astrocytomas,1
RTRL,2
killed-,1
von,2
gastrointestinal (GI),3
gastric aspirates,2
FPV/CPV,1
GSD,1
wide-body,1
gorgonian,1
F5,1
antiulcer,5
neonatal Holstein calves,3
PUPs,4
MSCWT,1
MSW,6
malignant catarrhal fever,1
SMR,1
FGS,3
mammalian host,1
Reports(JCR,1
ACI,1
eel MHC IIA,1
multi-zone,3
cervical carcinoma biopsy samples,1
high-rise,1
wel,2
syndroom,1
COVID-19 patients,91
shorter-haired,1
IEGG,1
RÃ¸st,1
geounits,1
F. G.,1
RP2plus,8
Mela,6
CLEM,1
TMJ,2
Hematologic,1
Legionnaire,2
C-value,1
huisarts,2
PCV2a-2C,1
Behcet,1
reacties,1
pathological-clinical,1
Osteomas,1
Barrett,1
micronodules,1
neuro-ectodermal tumors,1
Ad12-induced hamster tumors,1
Ad12-induced hamster tumor cells,1
10â30,1
Reye,7
SLE patients,1
DILS,2
perivascular lymphocytic infiltration,1
verder,2
POD,1
AVN,6
dunner,1
leukopenia/neutropenia,1
child-month,1
VTE patients,1
solid organ allograft,1
Acute Leukemia Patients,1
USG,3
Astrovirology,1
ARDS/acute lung,1
pyramidal,1
relapsed/refractory lymphoma,1
RTG,1
FFPE) tissues,1
Lung T helper cells,1
solid cancers,1
klachten,2
alarmsymptoom,2
malignant lesions,1
Schneiderian papillomas,1
glomangiopericytoma,1
intestinal-,1
non-intestinal-type adenocarcinomas,1
olfactory neuroblastoma,1
nasal-type NK-/T-cell lymphoma,1
teratocarcinosarcoma,1
HPV-related non-keratinizing carcinoma,1
Bronchopulmonary Dysplasia Bronchopulmonary dysplasia,1
von allen Ã¼bertragbaren und nichtÃ¼bertragbaren Krankheiten,1
einer,1
malignant and,1
nonmalignant,3
von unbelebten Materialien wie,1
R(t)>1,1
soccer,1
bioemergencies,1
kliniek,1
Pulmonary Disease Vitamin D,1
Weskit-Chi,1
andersom,1
neoplastic disease,1
Family-/Child-Centered,1
perianal und auch vaginal abgelegt und fÃ¼hren zu einem starken nÃ¤chtlichen analen,1
alloimmune,1
groep,1
ABRS,23
antibacterial/antifungal/anticancer/antiviral,1
lung allograft recipients,1
lung allografts,2
non-DCG,1
Patienten und fÃ¼r,1
Peoplesâ,1
heart rate-112/min,1
Neoplasm,1
Brain Tumors T-cell,1
malignant brain tumors,1
hematopoietic malignancies,1
Cleisostoma,1
multitudinary,1
Solid Organ,5
ACL,1
head and neck malignancies,1
Head and Neck Surgery,4
AJCC,1
von zentraler,1
ABT,2
Nonneoplastic Respiratory infections in animal species,1
head and neck infections,4
gastric ulcer,3
solid organ transplant (SOT) recipients,4
Embryonal entsteht,1
von biologischen Waffen ausgehen,1
Head Neck Surg 130(1 SUPPL):1â45,1
CFLIs,1
parenchymal lung,1
Solid Copper,1
sollte und welche MaÃnahmen,1
Conveners,1
nonbacterial pathogens,1
oral Î²-lactam,1
methoxybenzylidene-HAGs,1
endocrine,4
Crohn's disease Abstract Background/Aims Infectious agents,1
Crohn's disease (12 of 16,1
GD7,1
cerebrospinal fluid (CSF),1
lavage fluid albumin,2
gene(s,1
450â500,1
chronic lymphocytic sialadenitis,1
graft-versus-host diseaseâA,1
Ag8,1
xenohybridoma,1
heterohybridoma,2
heteromyeloma,2
leukemia/lymphoma disease complex,1
heteromyelomas,2
mucosal lymphoid tissue,2
lymphosarcoma,4
Oral nHuIFNÎ±,1
hepatoma,1
hyperplasia,3
amyotrophic lateral,5
anticellular,1
RAM,1
Mycoplasmas,1
FeLV-induced,1
Balo's type,1
von Economo's encephalitis lethargica,1
biopsy-proven,1
respiratory lesions,2
leukemic patients,2
border disease virus,1
40hr,1
caudodorsal lung,1
formalin-fixed paraffin wax-embedded lung tissues,1
Plasma tumor necrosis factor-Î±,1
replacer,3
sneezles,1
Reid,1
health-policy,1
4/500,1
ROTAVIRUSES,1
intraepithelial CD8+,2
head and neck,8
paediatrician,1
cytopathologic,1
Rat von Ebner,1
lingual lipase,2
von Ebner's glands,1
von Ebner's gland,1
establecen,1
solid organ recipients,1
perÃ­odo,3
morbimortalidad,8
45â49,1
hablan,1
heifers 4â24,1
pigflow,1
FNS,4
gastrointestinal nematodes,1
C6 glioma,2
malignant tumour,2
peri-tumor,1
duodenal ulcer,2
gastric mucins,1
Regraft,1
Pulmonary cystic keratinizing squamous cell lesions,1
Cystic keratinizing squamous cell lesions,1
squamous cell metaplasia,1
cystic keratinizing squamous cell carcinoma,1
keratinizing squamous cell carcinoma,1
cystic keratinizing squamous cell carcinomas,5
cystic squamous cell carcinomas,1
cystic keratinizing epitheliomas,3
Epitheliomas,1
keratinizing squamous cell carcinomas,1
RX(D/E,1
acute graft-versus-host disease,1
Grade III,1
IIB,1
invasive ductal carcinoma,1
post-mortem central nervous system tissue,1
multiple-viral,1
96.1â98.0,1
Pulmonary samples,1
mammalian wildlife â,1
MTP,2
mouth disease (114Â·48,1
hydatid disease,1
cerebrospinal fluid (CSF) specimens,1
LRIs,1
nasopharynx specimens,1
IPA,1
RV-triggered,1
MDLC,1
T cell lymphoma,1
celiac disease type,1
"4,000â10,000/mL",1
malignant neoplasm,4
displasia ectodÃ©rmica anhidrÃ³tica,2
mÃ¨re,4
lung squamous cell carcinoma,1
sHLH,2
scirrhous gastric cancer,3
Scirrhous gastric cancer,1
scirrhous gastric cancer cells,1
scirrhous gastric cancer cell lines HSC-58,1
HSC-44PE,1
HSC-58,1
CVID,5
solid tumours,1
upper gastrointestinal cancer,1
gastroesophageal cancers,1
esophagogastric cancer,1
gallbladder cancers,1
kidney cancer,1
ANFIS,13
expertsâ,1
kernicterus,1
opacifications,1
129/612 lesions,1
advanced-phase,2
low-grade upper respiratory tract,1
oropharyngeal specimens,2
Budd-Chiari,3
oral patients,1
gastrointestinal symptom (21,1
NCP patients,5
oropharyngeal swab virus nucleic acid,1
PTE,7
CACP,1
Esophageal cancer,1
hepatobiliary malignancies,2
tumor patients,3
hepatobiliary malignant tumors,2
Lung cancer patients,1
R(0)(t,1
11/230,2
colorectal tumor,2
gastrointestinal foreign bodies,1
colorectal cancer patients,9
mildgroup,1
right lower lung,1
malignant tumor,3
gastrointestinal tumor,2
gastrointestinal tumors,2
gastric cancer T stage â¥ 2/rectal cancer T stage â¥ 3/unresectable colon cancer,1
colorectal malignancy,1
head and neck surgery,3
neuroendocrine,3
germ plasm,1
children,1
teeth Donald I Hay,1
heterohybridomas,1
neuroectodermal,1
Brain antibodies,1
nasopharyngeal mucosaâimplications,1
Head Neck Surg,1
NANB,1
cattle papilloma virus-2,1
thyroid peroxidase,1
thyroid tumour,1
metaplasia,1
Uterine,2
malformations,1
high-exposure,1
solid phase immune electron,7
solid phase IEM,2
alcoholic,1
tha,1
Gastro-intestinal pathogens,1
Root,1
bronchopulmonary cancer,1
malignant pleural disease,1
Pancreatic,2
Neoplasia,3
brain renin,1
Confidence,2
acute myeloid leukaemias,1
acute lymphoid leukaemias,1
classication,1
NIH grants AI 12680,1
non-B hepatitis,1
14â30,1
80th,1
blacks,1
organ transplantations,2
BALT,2
AustraliaâThe,1
Hodgkin,3
post-transplant lymphomas,1
Pancreatic Pathology Abstract Spontaneous,1
pancreatitis,2
neoplastic lesions,2
Nose,1
Larynx,1
Pleura,2
nonneoplastic,1
nonmucosal pathogens,1
outbred,1
Bullets,1
papillomas,4
papilloma viruses,1
Mucosa-Associated Lymphoid Tissue,1
primeâboost,2
hydrocephaly,2
Lymphadenopathy,1
IFIs,1
IBCs,5
Ovarian hydrobursitis,1
oral squamous cell carcinomas,1
under-developed,1
Networks â,1
transshipments,1
theantiviral,1
intestinal coccidian parasites,1
LCC,4
mucosal lymphoid tissues,1
Ryan,1
Mediastinum,1
Travel-Acquired,1
mucinous adenocarcinoma,1
PMV,3
Renal Transplant Recipients,4
renal transplant recipients,3
Hematopoietic Tumors,3
xenographic,2
breast cancers,1
shock-like,1
Kaposi's sarcoma-associated herpesvirus/human herpesvirus 8,1
erythema multiforme,1
squamous papillomas,1
infiltrating squamous carcinomas,1
situmeasurements,1
gastrointestinal neoplasms,1
brain cancers,1
hydrothorax,1
acute small bowel,1
Gastrointestinal Disease,1
Testis,1
Cytologic,2
Thymomas,1
pharyngeal pathogens,1
Solid-Organ Transplant Recipients,1
allografts,2
trÃ¨s,2
lung AT2,2
UCBG,1
exposiciÃ³n,7
Respuesta,1
Pleural effusions,1
mediastinal lymphadenopathy,3
achalasia,1
pseudocystic tumor K.,1
LEMS,1
Gastrointestinal Pathology G.T. Williams Gastrointestinal Pathology 1990 Springer-Verlag,1
pap,1
intestinal bovine parvovirus,1
tetrahydrobenzimidazoles,1
GAM,6
lag0â14,1
numcer,1
Kidney Disease nan,1
nasal immune system,1
renal tubular lesions,1
acute lymphocytic leukemia,1
non-Hodgkin,2
VISA,1
neural network,1
solid specimens,1
solid faecal specimens,1
oral cancer,1
mucosal T lymphocyte,1
mammalian brain,1
whole-tissue,1
Medicaid,1
GCS,1
RSI patients,2
explicit-tacit,1
renal patients,3
producen,2
baja,4
cardiac troponin I,2
RDQ,3
Myeloma,2
OMS,6
KTx,2
92/951,1
empÃ­rico,5
NRAS,1
solid organ transplantations,1
cÃ¡ncer,1
bronchial lavage,1
Tracheobronchial Tumors,1
tracheal tumors,2
pearls,2
Intestinal Health â,1
PRCC,2
EPP,1
Occasionaly,1
sphÃ¨re ORL,1
two-cell,1
ofrecer,1
chest HRCT lung,1
45â59,1
lung lobe,2
solid fomites,1
adenomegaly,1
non-small cell carcinoma,1
CCL,2
Conclusions/Lessons,1
PM2.5,16
reflets,1
Transitional,1
renal allograft recipients,1
head physicians,1
benign prostatic hyperplasia,1
benign prostatic hyperplasia (BPH),1
BPH patients,2
HST,2
super-thin,2
9(22.5,1
homecare,1
Kidney Disease Management,1
Colonic Disease,1
colonic ulcer,1
Cardiac Patients,1
lung self-antigens,4
HTx,1
presens,1
RETROVIRUSES,1
Hematologic malignancies,1
solid tumor malignancies,1
especialidad,1
idioma,1
tÃ­tulo,2
Hepatocellular Carcinoma,2
post-mortems,1
artÃ­culo,1
PAVM,1
estensione,2
nasopharygeal specimens,1
community-acquired,1
Game,1
MRPA,5
RPH,2
IIIB,2
Preparations,2
Head and neck oncology,1
head and neck oncology,2
Head and neck cancer,1
head and neck oncologic,1
HNC,1
HNC patients,1
mucosal squamous cell carcinomas,1
head and neck cancer patients,1
histopathology,2
cardiac patients,1
0Â·0â9Â·0,1
HRS,1
lung cancer patient,1
1981â2014,1
10/18,1
RMS,5
nasal FLOQ Swabsâ¢,1
sorting-signal,1
orchitis â,1
modelsâtheir,1
Respecto,1
cervical lymphadenopathy>1.5,1
acute renal failure complicated,1
papiloma,1
ADN,2
esposizione,1
ICU (G3,1
Remdesivir,3
pressure-overload,1
gastrointestinal parasites,1
solid bottom,1
caractÃ¨re trÃ¨s,1
BL comme vecteurs,1
mÃºltiple,1
RFML,1
N0,3
rectum T3-4 et/ou,1
cancer â colon,1
hepatocellular carcinoma â,1
colonic cancers T1-2,2
colonic lesions,2
rectal cancers T3â4,1
pancreatic â,1
rectal cancers T3-4,1
von Influenzavirus A und B ist segmentiert und wenn zwei Viren eine Zelle infizieren kÃ¶nnen,1
Kaposi's sarcoma-associated herpes virus,1
ovarian lesions,1
oral FPV (Day 1,1
ASCT,1
primary central nervous system lymphoma,1
PCNSL,5
CNS lymphoma,1
SCNSL,3
CNS NHL,1
hematologic neoplasms,2
EA COPD,2
tele-expertise,1
LGL leukemia,2
LGL,1
RVH,1
maio,1
oxigÃªnio,1
"19/19,100",1
squamous metaplasia,6
Hr1,1
Prostate cancer,1
Cancer Network,1
oligometastatic,3
Breast,1
cancers gynÃ©cologiques,1
gynecological cancer,1
endometrial cancer,2
endometrial cancers,2
FIGO Ia,2
pelvic,2
gynecologic cancer,1
PP,3
AGA,1
Lung Adenocarcinoma Transcript 1,1
cancerous,1
L. donovani,1
fibrolamellar carcinoma,1
non-malignant liver,1
Reservoir-People,1
R0.ConclusionThe,1
ABSTRACTRationaleSeveral,1
CSG,3
esophageal upper epithelial cells,1
F. Wu et al.,1
Bladders,1
BLAF,1
testicular lesions,1
ResultsWe,1
suceptibles,2
adenoma,2
B-factors,1
liver AbstractRNA,1
RfxCas13d,1
44.4Â±15.6,1
"acute pancreatitis (1/25, 4",1
Resultsï¼,1
method-iLACO,1
oropharyngeal swabs samples,1
R-value,1
"gastrointestinal infections (OR=1.5,",1
R=-0.508,1
Â±1.48,1
MSHs,1
ResultsAS,1
andlaboratory,1
nFLNs,1
RNAaemia,3
lung lobe-,1
forehead,2
pleiomorphic,1
patients(p=0.0374and0.0267,1
ER+,1
corona patients,1
9964,1
TRU,1
evolutionof,1
Râ0<â1,1
7/10 patients,1
IFP,8
hand-eye,1
CML patients,12
R2>0.95,1
105.789,1
pOR,4
NT proBNP,1
Guillain-Barre,2
R0=2.25,1
Von,2
Response-to-Spread,1
RT-LAMP-NBS,1
index-secondary,1
COVID-19 patients A,2
hospice-specific,1
non-COPD subjects,1
50/52,1
39/45,1
Covid-19 patients,1
adult fever patients,1
CRISPR,1
susceptible-latent-infectious-recovered,1
gynaecological cancer patients,1
head and neck (,1
MMCA,1
sixeight,1
meplazumab,2
NHS,4
UCCs,3
nasopharyngeal / sputum,1
COVD-19 patients,1
â¥15,1
Thirteen-hundred,1
NCP lesions,1
Symptoma,5
Crohn's disease (CD,1
manifestations.169 patients,1
eÎ±t,1
NCOVID-19 patients,1
PP patients,1
mild/common,1
frontliners,1
histiocyte hyperplasia,1
R_c,3
lung ACE2,1
RG-inspired,2
p=0.002;p=0.035,1
PPI,1
Re-insights,1
17166,1
1667719,1
COVID-19 Patients,1
"total,34 patients",1
kidneys AbstractAimKidney,1
5000-6000,1
MODS,2
QTc,1
"9,796",1
susceptibleâinfectedârecovered,1
RGM,1
auto-encoder,1
Sign,1
PriSeT,1
hormone-and,1
AbstractBackgroundViral,1
brain infiltrating inflammatory monocytes,1
Pompe disease,1
Pompe,1
ROIs,1
CTTs,1
cusp type Bogdanov-Takens,1
CV<25,1
R2=0.975,1
oncomarkers,1
HapT1 pancreatic tumor,1
Methodology/Principal,1
FSHD,1
C38,1
8/113,1
mycetoma infection â¥,1
W.A.I.T.,2
anti-biofilm,1
orderNidovirales,1
KNN,1
intestinal organoids derived,1
RESULTS2034,1
pancreatic tumor xenografts,1
pancreatic tumor tissues,1
liver-to-adipose,1
p-selection,1
secretory Rab,1
AbstractLung,1
3/8,2
everywhereâexcept,1
comorbidities.2-4,1
Greta,1
pulmonary lesions (10/20,1
IHS,1
mode(s,1
Lung US,1
lymphadenopathy,3
gynecological malignancies,2
gynecological malignant tumors,3
gynecological tumors,2
48.62Â±16.83,1
model(SEIHR,1
nasal cancer,1
Tumor Viruses Led,1
Roos,1
Roberts,1
pancreatic ER-derived microsomes,1
RSQQE,1
two-mechanisms,1
MHV(PRI,1
SGVHD,11
graft-vs.-host disease-like,1
liver infiltrating T cells,1
Sialomucins,1
chronic central nervous system,1
Colorectal Cancer,1
cervical intraepithelial neoplasia,1
patientsâ,2
Î±=0.05,1
Olfactory,1
PrP(T183A,1
lung squamous cell carcinoma tissues,1
lung adenocarcinoma tissues,1
DRV,1
pulmonary infiltrate (RD=0.18,1
non-cancerous nasopharyngeal tissues,1
adult lung,1
poorly-differentiated adenocarcinoma,1
small-cell lung carcinoma lines,1
pancreatic RNase A,2
cardiac rhabdomyomas,1
B-cell lymphoma-2,1
xenograft tumour,1
Resorptions,1
PRCA,3
solid phase radioimmunoassay,1
bronchovascular collagen,1
turnip crinkle virus,2
M21,1
nocardial central nervous system,1
lymphoid leukaemia,2
RNA-immunoblot,1
thymic lymphosarcoma,1
T-cell lymphomas,1
eosinophilia-myalgia,2
hepatic HBV,1
EV-2,1
stomatopapilloma,1
hybridomas,2
biliary glycoprotein (,2
brain tumor) cells,1
B-cell immunodeficiencies,1
FBRC] line,1
FBRC,1
myeloma immunoglobulins,1
cholestatic liver disease using 8,1
NCP BVDV type 1,1
acute community-acquired sinusitis,2
acute community-acquired sinusitis (ACAS),1
fusion-negative mouse hepatitis virus 2,1
adult outbred Swiss mice,1
pancreatic ductal adenocarcinoma cell,1
nasal immunoglobulin,1
adult community-acquired adenovirus,1
intestinal intraepithelial T lymphocytes,1
intraepithelial CD4+,1
bronchioloalveolar,1
BYDV,1
MNT,2
MFA,1
RH-Foxn1(rnu,3
RCs,1
blepharospasm,1
pulmonary NTM disease,1
IPMAs,3
RhÃ´ne-Alpes,1
LMR,1
intestinal CD4 T cells,1
cervical lymphadenitis,4
salivary gland-passaged MCMV,1
reanimate,1
vaginal cytology,1
pulmonary pathogens in 117 patients,1
p85Î±-/-Î²-/-,1
PBL,13
cord,1
New WHO,2
abomasal ulcer,1
renal pelvis of 2 Long-Evans rats,1
endocrine tumors,1
peritoneal lymphoma,1
abdominal tumor,1
abdominal lymphoma tumor,1
neonatal type II cells,1
pulmonary lesions in rats,1
epithelial malignancy,1
haematopoietic,1
breast carcinomas,2
neoplastic colonic,1
mammary tumor virus,1
nasal wash-throat swab specimens,1
lung lesions from 3 to 7,1
heifers,3
hypogammaglobulinaemia,1
REACH,1
caecal tonsil,1
acute VTE patients,2
CBA,1
Kupffer-cell lesions,1
Nasal IgA,1
nasal IgA,4
intestinal fragment cultures,1
NVG,2
FTT,2
adenocarcinomas,1
clear-,1
adenoid,2
pulmonary TNF-alpha,1
gastrointestinal lesions,1
heteroploid rhabdomyosarcoma,1
guanidine-HCl/urea,1
BaMV-V,1
p=0.089,2
brain JCV receptor-type sialic acids,1
liver homogenates,1
mutations.[3,1
NANB hepatitis relapsed,1
NANB hepatitis,1
NCI-H292 mucoepidermoid carcinoma cells,1
malignant intestinal T lymphocytes,1
fungoides,1
lung samples,1
pseudopregnancy,1
intestinal IgA ASC,3
anti-henipaviral,1
intestinal specimens,1
gastric acid,2
paraffin-embedded,1
CysC-/-,2
metastases,1
mammalian coronaviruses,3
oral linezolid,1
RST,1
intestinal intraepithelial leucocytes,1
acute central nervous system,1
acute abdominal,3
plasmacytic,1
Cardiac patients,1
extraskeletal osteosarcoma,2
RYDEHTA,1
Clostridium butyricum strains isolated,1
subacute central nervous system,1
supervisor-required,1
GVHR,2
thymic cortex,2
rickets,1
lavage fluid,1
RT1(u/u/a,1
peripheral lymphoid,1
adult T-cell leukemia/lymphoma,2
ATLL,2
ATLL patients,1
MF5,3
malignant primary intracranial tumors,1
primary malignant brain tumors,1
brain tumor patients,1
IIIC,1
cryosections,2
PE-60,1
intestinal immunoglobulin,1
mucosal immunoglobulin,1
intestinal homogenates,1
liver fluke,1
intestinal brush border,1
ROSETTA,2
Follicular,1
splenic follicular hyperplasia,1
LCPD,1
nasopharyngeal lavage fluids 14 d,1
18-month-old,1
chest disease,1
Jejunal mucosal lactase,1
Head and Facial Personal,1
colonic tumors,3
colonic tumor,1
splenic NK-cell,1
IEL NK-cell,1
Skin tumors,1
skin neoplasm,1
skin tumors,1
Keratoacanthoma,1
skin neoplasms,2
acute leukaemia,1
tissue-isolated xenografts,1
nervous system lesions,1
SSPE patients,2
immune â,1
intestinal porcine epithelial (IPEC-1) cell lines,1
brain (1/5).(ABSTRACT TRUNCATED AT 250 WORDS),1
uterine lavage samples,2
uterine lavage specimens,1
eosinophil cytopenia,4
Multilobular,1
nasopharynx swab,2
NON-NCOVID-19 patients,2
InfecÃ§Ã£o,3
elaboraÃ§Ã£o,1
People&prime;s,1
or&lt;0.05,1
mild/ordinary patients,1
light/normal,1
oral abidol,2
radiotherapy/radiochemotherapy,1
Fibrous cord shadows (27,1
pulmonary lobes,1
renal transplantationin Jan,1
Renal transplant recipients,1
Lung lesions,1
lobe,2
brain natriuretic peptide precursor&gt;300,1
RCP,2
lungsince,1
119/259,1
mildCOVID-19.One,1
traslado,1
anal suabs,1
484/794,1
spleen lymphoid tissues,1
formalin-fixed paraffin-embedded tissues,5
Throat â,1
hepatic neoplasia,1
myelomas,4
1986â2002,1
nano-fiber/nets,1
SRM,1
pathogy,1
RE-LAMP,1
gastric carcinoma) cancer,1
whole-nucleotide,1
networks â A,1
ALRIPS,5
Head and Neck Infections A,1
PBPK,2
ROA,5
hypergammaglobulinaemia,1
Rhinovirus/VRS-B,1
observational/cross-sectional,2
nasopharyngeal lymphoid tissues,1
yaw,1
lemons,1
BMT - A,1
CFPHV,2
fibropapilloma tumours,2
Crohn disease,1
Brain Abstract Viruses,1
RNA-leader,1
chlamydiae/host,1
lung lobectomies,2
eTCB,1
necropsy-based,1
insulinoma,2
cerebro,1
between-host,1
L1210/0,1
celiac patients,1
malignant tumours.3,1
GD1,2
gammopathies,2
bronchiolar fibrin,2
SCB,3
haematological malignancy,3
hyperplastic lymphoid follicles,1
solid phase peptide,3
CREATE,1
"gastrointestinal disease, neoplasia, cardiac disease",1
liver aminotransferase,1
RNAâRNA,2
EPE,3
upper-tract,1
N-deficiency,1
urban-based,1
leukocytic interferon-alpha,1
Gastric cancer patients,1
acute renal failure requiring hemodialysis,1
acute renal failure,1
lung cancer mouse,1
B16F10,1
Lewis lung carcinoma,1
LFS,1
renal failure patients,2
pedestrian,1
PCV2-1010,2
pulmonary vein,1
31261,1
AEGISs,1
177.79,1
predecir,3
conocido,3
neocortex,1
F1S1,1
Oncorhynchus mykiss,3
PFE,1
tracheitis,1
gaspers,1
sub-acute,1
adult WD,1
TFNA,5
hepatocellular carcinoma cancer SNU398 cells,1
R-H120,2
adult T-cell leukemiaâlymphoma,2
"127,908 patients",1
kidney lesions (70,1
"head, neck",1
FSE,1
brain antigen,2
IVS,2
oropharyngeal swabs specimens,1
kid-management,1
bark latex,1
esophageal feeder,1
cardiorespiratory fitness.3,1
80.00,1
brain reninâangiotensin,2
brain angiotensin receptors,3
brain angiotensin receptor binding kinetics,1
scaled-dose,1
1960â80,1
19Â·68,1
postmortem,1
FeLV-negative,1
anti-ulcer,1
sIFITM3,3
PCF,1
Anal,2
90th,1
Chapel-Hill,1
RVP-Plus,1
mouth disease patients,1
pulmonary IgA.,1
gastric juice,1
nasal lavage,1
effector/central,1
leukaemic,2
hyperplastic gingivae,1
DJD,1
LeÃ§ons,1
450â650,1
hematologic malignancy patients,4
oral rFeIFN-Ï (PO Group),1
DBA patients,1
hepatocellular carcinomas,4
liver tumors,1
solid organ transplant recipients Abstract Background,1
haploHSCT,2
PTLD-related,1
PCIP,3
hepatis,1
HLA-A24-negative patients,1
electrolyte,1
canines,1
acute lesions,1
chronic lesions,1
Intestinal pathogens,1
UDA,5
transitional metal ions,1
TRUS,2
197/262,1
thirty-one,1
17/26,1
median=36,1
acute RS,1
Acute Leukemia,1
bud scission/release,1
intestinal porcine epithelial cell-jejunum 2,1
gastrointestinal tractâ,1
intestinal immune response,1
barriÃ¨re inter-espÃ¨ces,1
Epithelioma papulosum cyprini,2
LRLV,3
cusp,2
cervical tumours,1
CLNs,1
sâ1,1
anti-flaviviral,1
Pulmonary Airways,1
VHL,1
BOS Grade 3,1
pyogranulomas,2
Jordan,1
pre-exercise,1
central nervous system B cell lymphoma A,1
bladder wall,1
Nasopharyngeal swabs/aspirates,1
bronchioli,1
170/176,1
170/261,1
RMSDs,1
70â82-nucleotide leader-related,1
Turku,4
powder,2
Lung lesions â¥1,1
pneumocystis,2
CNS patient,1
gastric lymph node,1
peripheral lymphoid tissue,2
Solid phase immune electron,1
out-of-hospital,3
R-MÏ,1
WHO R&D,1
straw-colored fruit bats,1
Myalgia,1
RANS-Eulerian,1
M3,1
mucosal immune responses against rotavirus,1
nasopharyngeal lavages,1
oral fluid.,1
oral fluid when,1
FIP lesions,2
hamster lung,1
histiocytic,1
lymphoid organs,1
ARMS,1
Oral Repeat-Dose,1
quadromas,1
leeward-side,1
US,1
equi-probably,1
BO,5
GERD,1
4V,1
CAD patients,2
NCCL,1
AFOP â,1
Newcastle disease virus-vectored vaccines,1
immunocompetent adult,1
ADA-SCID,1
anti-pathogen,1
OME,1
RT-SIBA,1
salivary cystatins S,1
Conocer,1
ADMs,2
meso-,1
BPE,5
"lungs 2, 4",1
spinal lymphosarcoma,1
spinal cord tumors,1
T-lymphoblastic leukemia,2
4.8Â±0.4,1
piglet litter,1
â10,1
knee,2
multiorgan failure,1
brain coronavirus isolate SD,1
tremor,1
Ctenopharyngodon idellus kidney cells,1
mouth disease Abstract Ethnopharmacological,1
Throat Emergencies Acute otitis,1
HH,1
biliary glycoproteins,1
urbanârural,1
espaÃ±ola,2
pan-negative,2
intestinal lymph,1
BED,1
prever,1
âempty nestâ,1
DIs,1
persistency,1
4-layer,1
mammalian polyomaviruses,2
Oral MutianÂ®X,1
BHK-R1,1
tonsil swabs samples,1
99.8â100,1
1/20,1
RBDâhACE2,1
Carboxyhemoglobin,1
benign mammary tumors,1
spleen specimens,1
FPE,7
metastatic malignant neoplasms,1
EGDT,2
1â5-mm,1
intestinal samples (143 faecal samples,1
101/430,1
Breast Cancer Infectious bronchitis virus,1
F. A.,1
ASs,1
157/560,1
Solid organ,1
sand fly saliva extract,1
lâanse,1
basal-cell carcinoma,1
vitiligo,1
infectionsâboth,1
RR-PARETO2,1
gastric fluid (SGF),1
sarcomatous,1
aspergilloma,1
mediastinal lymphadenopathy in 3 patients,1
CF children,1
peripheral T-cell lymphoma,2
PTCL-NOS,2
extra-nodal,1
cockroach,2
lobectomies,1
Metastatic squamous cell carcinoma,1
T2 bacterial,1
Pulmonary cytomegalovirus,1
andasmooth,1
well-differentiated primary cultures,1
skin lesions,2
mucosal swabs,1
multi-partner,1
cryptococcoma,1
gastrointestinal viral,1
L. longipalpis,1
ACO,1
koi herpesvirus disease (KHVD),1
Excellence,1
Intracranial lesions,1
inflammatory cerebrospinal fluid (CSF),1
metanephric kidney,1
FOSCC,10
HPV-positive cancers,1
GI50,1
bronchial alveolar lavage-resident T cells,1
solid malignancies,1
IDU,2
epithelioma papulosum cyprini,2
perivascular CD4,1
H830,1
RCA120,1
UAT,2
anti-arenavirus,1
GDM,1
LBT,1
pulmonary diseaseâA,1
teratomas,1
biPSCs,1
BioSamplers,2
head and neck cancer patientsâ,1
D90,2
Kindergarten,1
auditory,1
Camelid,2
rectal specimens collected 1,1
CAD pour,1
renal patient,1
unilobar,1
oral pathogens,1
SAON,1
relapsed/metastatic cancers,1
Iris melanoma,1
Bloom,1
Fanconi anemia J,1
persons,1
myeloid cells-1,1
south-south,1
acute lymphoblastic,1
myeloblastic leukemia,1
Gallbladder Cancer,1
gallbladder cancer,4
lower-grade,1
camelid,1
Skin lesions,1
Laryngeal Croup,1
ADCML,1
anti-glioma,1
pansteatitis,2
QF,1
GVHL lesions,1
Brain Axis,1
pleural fluid lactate dehydrogenase,1
pleural fluid total,1
pleural fluid glucose,1
APBD,3
follicular CXCR5+CD8+ T cells,1
Follicular CXCR5+CD8+ T cells,1
Spencer,2
mamma,1
icPC22A,1
solid desiccants,1
intestinal lymphomas,1
nasopharyngeal swabs specimens,1
parlour,2
breed-predispositions,1
foetal trachea Abstract A strain,1
0.156vol%,1
NIH RePORTER,1
Î±2-globulins,1
RV-,1
NSM,2
Foot-and-mouth disease virus,2
"submucosal histiocytic, lymphocytic",1
Beef cow,1
Bickerstaff's brainstem,1
pneumonic lesions,1
mammalian reoviruses,1
neonatal regulatory B lymphocytes,1
MVCs,2
LS,1
intraepithelial BoCD4,1
non-neoplastic lymphoid tissue,1
cholangiocarcinoma,1
brain cortex tissue,1
female-pattern,1
egg proteinâA,1
CT-only,2
plasma-cell,1
BALT (bronchial lymph nodes,1
95.2â99.0,1
resections,2
masseter,1
TTs,1
co-inoculations,1
RBD/ACE2,1
RG patients,2
proven/unproven,1
biobuilders,1
NK cell-mediated acute liver,1
calvesâthe,1
estacional,1
tenÃ­an,1
oseltamvir,1
acute renal insufficiency,1
MMRS,2
oropharyngeal swab,1
PoIFN-Î³-M,1
bronchiolites,1
6.2â11.7,1
"von Elm et al., 1",1
myelo-monocytic,1
lymphopaenia,2
cervical neoplasia,1
lung germinal center B cells,1
myelodysplasia,1
EAD,1
necrotic lung lesions,1
THES,1
WPS,1
salivary IgA antibody responses,1
intestinal porcine epithelial cells-1,1
malignant effusions,1
lung adenocarcinoma cancer patient,1
Obstructive/Central,1
renal disease,1
renal UA,1
pulmonary disease 1,1
adult giant-cell hepatitis,1
MAPEs,1
multiplicado,1
von Economo encephalitis,1
MERS â A,1
MOTT,1
1889/1907,1
ANE,9
Rickettsial disease),1
tissue-engineered,1
HPT,1
VAE,3
HBOC,2
fly,1
oropharyngeal swab fluids,1
protease(s,1
traineesâ,1
solid ratio 15ml/g,1
breast cystic fluid,1
scarcer,1
Conclusions/Implications,1
PR+,3
brain cortex,2
Newcastle disease vaccinesâA,1
neonatal Î¼MT mice,1
Rhinovirus/enterovirus,1
thoracic fluid,1
Adrenocortical Carcinoma,1
metastatic lesions,1
adrenocortical adenocarcinoma,1
clinical-radiological-pathological,1
BALE mice,1
flounder Paralichthys olivaceus,1
HBC,2
adult CF patients,1
AGN,1
granulomatoses,1
lymphoid malignancies,1
1980â2011,1
CBCs,1
mcr-1,1
multi-communities,3
fetal cattle,1
4/227,1
lymphatic antigen,1
mucosal immunoglobulins,1
trachea with cilia,1
von Brunn,2
RV-viremia,2
cellular lesions,1
41/572,1
95/845,1
chronic lymphocytic choriomeningitis virus,1
foetal lymphohaematopoietic organs,2
Alloimmune lung,1
acute graft-versus-host,1
FTPI,2
oral LPV/r,2
acute watery diarrhea,1
11/22,2
Jack,4
Scophthalmus maximus) rhabdovirus,1
FGID,2
PI-IBS,2
-recovered,1
nasal lavage samples,1
acute lung allograft,1
BAL CP,1
Pulmonary Edema âPulmonary edema,1
adenomas,1
adenomas/adenocarcinomas,1
endometrial carcinomas,2
C-cell adenomas/adenocarcinomas,1
âstructural,1
milenio,1
PC22A,1
COME,3
cefotaxime-resistant,1
SpO2,1
Cervical lymphadenopathy,2
MBC,1
Lepidoptera,1
tongue papillomas,1
Bullous Disease,1
adult PBL,2
Bronchopulmonary disease (29.9,1
21/34,1
stomach cancer,1
Solid organ transplant recipients (SOTR),1
SOTR,2
immunonaive,1
MOD,1
pneumocoque,1
AEFIs,1
lobular,1
nasopharyngeal flocked swabs,2
malignant hematological,1
Neoplasias hematolÃ³gicas,1
neoplasia hematolÃ³gica,1
Ru(II,1
solid tumor derived cell lines,1
8aâ8u,2
non-small-cell lung cancer,1
pulmonary type I collagen,1
cloacal lesions,1
advanced-stage cancer patients,2
fecal/intestinal,1
changeâhealth,1
Neoplasias,1
nasopharyngeal virus swabs,1
0â7,1
adult T-cell lymphoma/leukemia patient,1
FRRI,2
shark,1
Tumors Interferons,1
APs,1
solid capsid shells,1
formalin-fixed paraffin-embedded nasal tissue,1
isolated lectins,1
intestinal epithelial lesions,1
pancreatic cancer patients,1
epithelioid human rectal tumor,1
HRT-18,1
fibroblastic bovine fetal spleen,1
MCI,1
heat-stressed,1
multidrug-resistant pathogens,1
pre-microbial,1
trichimeras,1
postgraft,1
graft-versus-host reactionsâcan,1
pollen,1
LTx patients,1
(IFN)-inducer,1
sarcoids,2
solid organ transplant recipients are complex,1
systemâ,1
Bronchoalveolar lavage fluid,2
M1 CP,1
CNS innate immune response to,1
âtendency,1
intestinal fluid,1
normal/,1
six-core-competency-based,1
Hepatomegaly,1
neonatal large animals,1
intestinal IgA rotavirus-specific,1
intestinal IgA antibodies,1
PKD,1
45â80,1
post-LT,1
Hepatic ACE2,1
1998â2002,1
gastrointestinal immune,1
tonsils,1
0.6â0.8,1
hematopoietic organs,1
planar-array,1
milestone-like,1
abdominal tumors,1
MSSA,1
brain virus,1
solid organ transplant recipients Abstract Community-acquired respiratory viruses (CARVs),1
vTLV8,1
pTLV8,1
macroadenoma pituitary-dependent hyperadrenocorticism,1
RAT,1
18&minus;25,1
malignant histiocytosis,1
histiocytic disease,1
RSV-host,1
pleural empyema (PPE/PE,1
pleural fluid samples,2
9/26,1
Nasal Lavage Fluid of Chronic Rhinosinusitis Patients,1
Hep,1
RT-RPA-LFD,4
oral vesicles/ulcers,1
nasal S. aureus,1
ACPO,1
GI lymphoma,1
quails,1
COPD):,1
APACHE,1
Accreditation/Provider,1
GHP,1
EBV-LPD,1
UBG,1
sommet,1
EGFR-mutant lung adenocarcinoma,1
EGFR-mutant lung adenocarcinomas,2
adrenocortical insufficiency,2
prostate cancers,1
TOCE,1
epidemiologyâ.,1
enseignements,1
mPaws,1
Recalls,1
RB50,1
Tumours,2
acute PTE,3
RPF,2
"2,181.83",1
PNAC,1
cardiac troponins,1
81+cells,1
splenic Fc-gamma receptor-bearing lymphocytes,1
tumour lesions,1
PDR-Ab,6
Ovarian Tumor Domain-Containing Viral Proteases,1
thymic CD4,1
Cholera,1
colon cancer Abstract Cystathionine-Î²-synthase (CBS),1
Promyelocytic Leukemia Zinc,1
promyelocytic leukemia zinc finger,1
promyelocytic leukemia protein,1
biliary glycoprotein (BGP)-encoding,1
IL2rgnull,1
CRD,1
WWTP,1
WWTPs,1
RIBSP,1
symptotology,1
Hodgkin's Lymphoma,1
hpf,2
endouC,1
queens,1
gastrointestinal (GI) tract diseases,1
organ recipients,1
adult patients,1
40m3/h,1
clinico-pathology,1
sarampiÃ³n,1
free-disease,1
lymphocytic plasmocytic enteritis,1
w/d,1
14/14,1
pulmonary viral antigen,1
Retinas,1
GMV,2
lissencephalic,1
acute promyelocytic leukemia,1
intestinal intraepithelial lymphocyte,1
heart girths,1
low-grade axonal lesions,1
tonsillar cancer,1
paradigme,1
lymphangiosarcoma,1
uterine leiomyoma,2
97.3â98.7,1
adult A/J mice,1
cytology-proven CMV,1
LKT,4
pTri-N,1
upper/lower lobe,1
Rat-like,1
elodontoma,1
odontoma,1
gastrointestinal disease Abstract The gastrointestinal (GI) tract,1
GI pathology,1
malignant ventricular,1
cytopenias,1
Cytopenias,1
peripheral lymphoid tissues,1
lymphoma tumor antigen,1
lymphoma patients,1
corticoresistance,1
trunsored,3
OE,5
RVA G6P[5] strain,1
malignant tumours,1
intestinal virus,1
Oral Prednisolone/Paracetamol,1
136/179,1
exocrine pancreatic insufficiency,1
exocrine pancreatic insufficiency in dogs,1
renal-biopsy specimens,1
kingdom-agnostic,1
bronchogenic carcinoma,1
mammary tumor,1
BDs,1
Î²-lactamines,1
ofemergency,1
P4P,1
RAMPP,1
Niemann-Pick disease type C,1
CVL vaccine,1
early-term,1
Hodgkin Lymphoma,1
swineherd,1
CO13,1
AROs,2
recombinaisons,1
PRRSV-only,1
21/21,1
stomach ulcer,1
9/30,1
82â92,1
GPRD,1
nasal tonsil,1
colon samples,1
nasal LTB4,1
acute care 43.1%â35.7,1
high-grade cervical dysplasia,1
