ORGANISM_SUBSTANCE,frequency
Enfuvirtide,6
Blood,237
blood,1896
serum,1634
peripheral blood,184
serum SARS-Coronavirus IgG,1
serum SARS-CoV,3
cytoplasmic,525
peripheral blood mononuclear cells,124
cytoplasmic tail,86
cytoplasm,540
polyphenols,16
extracts,202
tea,5
teas,1
plasma,793
cell-omic,1
serum SARS-coronavirus,1
sera,953
NHPs,13
sputum,159
peripheral blood monocytes,7
serum specimens,40
intravenous immunoglobulin,60
ewe,1
U36,1
staphylococci,11
Serum samples,56
neonatal calf,62
Arctium lappa,1
milk,404
Vaccinium sp.,1
serum immunoglobulin,10
peripheral blood mononuclear cell,10
FHV-specific 5-bromouridine 5'-triphosphate,1
banaba,1
Beef Calf Herds,1
plasma C-reactive,1
lavage fluid,2
Serum Molecular,1
oral PV,1
lethal dose(50,1
serum samples,257
serum TG,1
Licorice,12
licorice,44
cytosol,71
peripheral nervous,4
BCG vaccine,9
Saliva,11
saliva,17
Serum procalcitonin,6
MVA-S,3
Plasma,82
octapeptide,6
Ureaplasma parvum,3
yeast Pat1p,1
CPMV,11
blood samples,72
Ser,4
oil,165
corn oil,3
blood donors,57
urine,264
cytoplasmic nuclease,1
Liquorice,3
liquorice,18
cytosolic,5
serum acute-phase proteins,1
serum APPs,3
serum antimitochondrial antibodies,1
milk pathogenic-related,1
feces,43
fetal bovine serum,16
plasma proteome1,1
plasma membrane,375
basolateral,11
Allium oreoprasum,1
Blood p27,1
serum immunoglobulin G,11
PV,6
stool extracts,3
cytoplasmic droplet,1
antiserum,93
M2e-MAP,1
Freunds,3
plasma glucose,20
LBM,2
IPNV,5
Peripheral blood,12
Serum,157
VLP,40
plasma membrane-targeting signal,1
serum amyloid A,40
Plasma Reagin,1
Serum 25-Hydroxyvitamin D,2
serum 25-hydroxyvitamin D,4
OspA,5
Cytoplasmic,25
oral vaccine,21
Blood samples,33
blood CCL2,1
blood RSV,1
plasma samples,66
P5,9
V-antigens,2
M252,1
rumen,19
peripheral pr,1
serum C-reactive protein,6
serum CRP,16
DEN,5
plasma membraneâwe,1
cytoplasmic extracts,4
cytoplasmic Ca(2,2
cytoplasmic vesicular,1
cytoplasmic calcium,2
woodchuck,4
GLA-SE,1
peripheral membrane,3
peripheral blood leukocytes,13
oral amoxicillin,2
plasma total-,1
chicks,81
intravenously,3
Stria,1
MSCE,1
MSCW,1
ethanolic,2
serum albumin,42
fetal calf,3
broad-spectrum âheterosubtypicâ,1
peripheral blood stem cell,3
blood plasma,17
anti-microbial,3
NIPPV,9
wood mouse,1
extruded,2
lung aspirate,1
serum antibodies,63
i.o,3
Milk,32
milk protein Î±-casein,1
late-term,3
pregnancies,8
non-vesicular ER,1
powder,6
blood serum,12
thalami,1
Pigs,19
plasma cytokine,4
peripheral blood NK cells,1
milk replacer,78
Feces,13
Organelles,6
salmonella,7
serum lipid,4
spleen virus,2
wood,13
mesencephalon,3
DEF201,19
â1 PRF,3
purple coneflower,1
intracellular caspase-6,1
Granules,16
lactobacilli,5
sphingolipid-enriched,2
serum urate,1
ALT,20
Terpenoids,2
lung water,1
cane rat,1
Colostrum,30
colostrum,389
milk immunoglobulins,1
veal calf,18
M-MLV,1
ovate,1
juicy,1
blood specimens,21
calf,142
vitroclusters,1
Lipids,8
lipids,41
Cytoplasmic Tail,14
Serum albumin,5
Chickens,3
chickens intravenously,1
stool specimens,5
urine specimens,5
sputa,8
oral droplets,1
vaginal IgG,1
serum virus,4
Peripheral blood mononuclear cells,12
serum antibody,21
serum IgG,73
philippinarum,4
alum,17
Pathogens,1
PCV genome,3
structural-material,1
Extracts Act,1
Plasma samples,7
blood cells(8,1
serum Th1,1
Lethal VSV Neuropathogenesis Interferon,1
VLP vaccine,3
urinary ACE2,23
Urine,5
plasma IFN-Î³,2
veal calves,31
serum IL-6,9
blood cultures,22
ICMs,8
Vacuole,1
peripheral immune,9
IU,1
stool suspensions,3
stool,15
plasma membranes,7
AAV8-h1567 minibody,2
serum IgA.,2
Aqueous extracts,1
granules,44
Serum NGAL,1
Serum Virus,1
cytoplasmic RIG-I-like,1
Sera,81
phloem,3
cereal crops,2
rADV-S,2
beer,3
wine,3
spirits,1
FBS,15
nucleoplasm,7
aqueous,51
cytoplasmic membranes,10
serum mannose-binding lectin,3
profuse,2
serum amyloid A2 acute-phase,1
cecal ligation-and-puncture,1
cinnamon water,4
serum IgA,9
bacterialâbacterial,1
VIDISCR,1
anti-rotaviral,4
GUE,3
aqueous root extract,1
aqueous extracts,6
serum gp120,1
anaesthesia,3
mg/kg BW,1
bioassay-guided,2
blood NKp46(-,1
FPLV,6
oral cholera,1
epiberberine,2
E16.0,1
plasma filtrates,1
microfilariae,3
peripheral blood leukocyte,4
Serum IgM,3
blood glucose,38
urinary albumin,3
plasma glucagon,1
vaginal chlamydial,1
Saudi-2,1
pomegranates,1
juice,11
arils,1
pomegranates' antibacterial,1
Plasma Proteins,2
feed,253
serum IgE,7
rhPIV2/Ag85B,1
serum aminotransferase,3
EtOAc,2
plasma endotoxin,1
serum alanine,1
cytoplasmic vacuoles,9
yeast-spore,1
lung IgA.,1
cisternal Golgi,1
BLP-F,2
Mycelial,1
blood Vpr,2
Blood Vpr,1
Serum antibodies,5
plasma ACE2,9
aqueous extract,9
serum creatinine,30
BV,37
BV patient,1
interclade,1
serum alanine transaminase,2
oral antimicrobial,1
1.4x,1
Huangqi,3
Baizhu,3
Fangfeng,3
Plasma Autoantibody,1
plasma/serum samples,2
plasma/serum RSV,1
TTSuV1,6
anti-S IgG.,1
Faeces,3
Cytoplasmic Viruses,1
plasma fibrinogen,3
Serum 25(OH)D,2
serum 25(OH)D,4
sputum p38,1
sputum p38 mitogen-activated protein kinase,1
Sputum p38,1
Piglets,46
crude ethanol extracts,1
peripheral blood lineage(â)CD34(+)CD31(+,1
scFv-SCR,1
Extracts,12
Cytoplasm,4
cytoplasmic PA-GFP,1
cytoplasmic vesicles,9
âchlamydial stress.â,1
viroplasm,5
Serum Enzymes,1
Serum angiotensin,2
serum transaminase,3
peripheral blood lymphocytes,22
cytoplasmic leaflet,5
blood testsâto,1
oral corticosteroids,4
sow,16
serum angiotensin-converting enzyme 2,2
serum ACE2,14
serum procalcitonin,17
intracellular RanGTP,1
terminals,5
licorice root,11
serum interleukin 6,1
aqueous-ethanolic,1
M. hyopneumoniae-specific,1
OVA-treated IL-4R,2
Plasma ACE2,2
EPA,2
Serum PCT,3
2A âstop-goâ,1
intracellular Ca(2,3
EVD,12
Serum Diamine Oxidase,1
serum diamine oxidase,1
serum tumor necrosis factor (TNF)-Î±,1
Serum diamine oxidase,2
cereal grains,2
omega-6-rich meats,1
plasma clotting,1
plasma specimens,3
Chaihu,7
serum PCT,4
serum anti-thyroperoxidase,1
Aqueous Extract,1
Plasma/Serum Surfactant Protein D,1
cccDNA,1
NTD,21
provirus DNA,1
blood immune cell,1
plasma concentration-time,1
sweetener,2
licorice extracts,1
Drake,1
Blood CD16,1
lentiviralâborne Ace2,1
self-spreading,1
Serum Albumin,4
Plasma Cytokine,2
buddleoside,1
urine exosomes,1
VV,2
taiep rat,2
serum leptin,1
Constituents,1
lactiflora root-derived,1
allomelanin DHN-melanin,1
conidia,1
serum TGF-Î²,2
serum TGF-Î²1,1
MIV,5
persimmon,1
Serum specimens,3
gilts,23
grower pigs,2
anti-HIV EC(50,1
cytoplasmic double-stranded DNA,2
cytoplasmic membrane,8
Serum FGL2,1
Ecklonia cava,3
PVs,2
antigenomic,2
Serum neopterin,6
nucleoproteins,2
LVS,3
F.,3
FRT,2
L. infantum,1
newborns,1
Plasma Bioeconomy,1
Alga Eucheuma,1
BNO,1
aqueous pores,1
serum LBP,1
Dromedaries,1
Non-immune immunoglobulins,1
schenckii,2
Post-vaccine,1
serum LDH,2
7630,5
blood immune cells,1
allontoic fluid,1
gluten âchallengeâ,1
IgM,1
serum sodium,8
oil emulsions,1
stool samples,6
GlaxoSmithKline,2
Cytoplasmic TDP-43,1
cytoplasmic aggregates,2
cytoplasmic TDP-43,2
extracellular HMGB1,2
cytoplasmic cellular organelles,1
Serum Procalcitonin,2
quasi-species,2
piglets euthanized/died,1
cereals,1
vitreous,3
rhizomes,1
peripheral CD4(+,2
non-PCV,1
oral fluid,19
IgA,28
serum glutathione peroxidase,1
serum malondialdehyde,1
serum uric acid,6
serum XOD,1
Kombucha,1
milk-based,1
serum amyloid,9
Plasma flavonol,1
Plasma glucose,2
serum aminotransferases,1
Rosae Multiflorae,1
Rosae Multiflorae Fructus,1
serum IL-10,2
fetal calf serum,6
semen,33
renal creatine,1
OMV,2
Fluzone,1
wood root extract,2
SFC,1
Freund,10
serum hepatitis B virus,1
Stool,1
urinary virus,1
GD1a ganglioside,1
post-recovery,1
urine nitrite,1
serum blood specimens,1
2.75-â«,1
PB2 N-terminal,1
serum 7Î±-hydroxy-4-cholesten-3-one,2
Serum C4,1
serum C4,1
Serum Eye,1
serum eye,1
aqueous tear,1
longum,3
infantis CECT,1
heat-inactivated DcCoV UAE-HKU23,1
streptococci,3
suilysin-deficient,1
Colostral,1
plasma IV,1
fecal IgG,1
colostral,13
piglets â¤,2
KOSR XenoFree,1
oral fluids,8
Serum IgG,11
spike-specific,1
salvia,1
soymilk,1
Puppies,14
whole-blood,3
Serum IGF-1,1
cytoplasmic poly(A,6
Blood Bloodstream,1
Intravenous Immunoglobulin,2
Plasma donors,1
saponin,10
peripheral blood monocytic cells,1
urine antigen,1
serum IgGs,2
plasma donors,3
L. chagasi-challenge,1
ciguatera fish,2
shelter-housed,1
Fescue,1
corona virus,28
lung virus,7
SR CD4(+,1
BCG,17
serum nAb,2
FI-RSV,1
L.F.,1
cytoplasmic exosome,2
cytosolic LPS,1
exosomal fibronectin,1
aqueous humor,14
serum thyroxine,1
serum feline trypsinâlike,1
Cytoplasmic GLTSCR2,1
peripheral ZIKV,1
serum IP-10,15
serum hepcidin,1
blood meals,3
serum GRFT,1
cytoplasmic virus-specific,1
plasma HTNV,1
Serum thrombopoietin,1
Serum TPO,1
plasma creatinine,7
secoiridoids,4
Foals,2
serum growth factor,1
simplex,1
skim milk,1
serum insulin-like growth factor (IGF)-1,1
kakkonto,4
serum DC-SIGNR,4
serum Câreactive,1
Serum CRP,3
VLP vaccines,1
serum AHSG,1
IgY,28
serum vitamins,1
cytosolic Ca(2,1
plasma expanders,1
plasma PTX3,2
anti-caspase-3,1
RVLPs,1
Bifidobacterium,11
feed acids,1
piglet feeds,1
piglet feed,1
Ureaplasma diversum,1
blood banks,2
Serum Amyloid A,7
VLPs,4
vegetables,11
Polygonum multiflorum,11
intracellular TLRs,2
Peripheral blood AKAP7,1
blood brain,2
6.1,9
feed ingredients,1
corn,15
Egg,1
SpyX,1
LPB,3
Bupleuri,1
serum OCN,1
plasma PDMPs,1
heartwood,1
plasma TNF-Î±,3
border closureâbut,1
warm-blood,1
K. StrÃ¥lin,1
F. Alenezi,1
M. Heredia-RodrÃ­guez,1
M. Lorenzo-LÃ³pez,2
M. AragÃ³n-Camino,2
K. Bauchmuller,4
F. Paramba,1
K. Venetsanou,1
plasma O.,1
FFP,2
A. Psirides,1
Plasma NGAL,1
F. Mounajergi,1
F. Cadamuro,1
F. Numis,2
M. Badoglu,1
F. Ampatzidou,1
K. Lolakos,1
serum neuron,1
K. Montroy,2
saps 3,1
I. AragÃ£o,1
M. Lemyze,1
plasma PENK,1
cytoplasmic capsid-RNA,1
embryos 3â5,1
sera orâ§1:160,1
blood sugar,2
serum/plasma,2
plasma alkaline phosphatase,1
peri-,2
ERBs,1
âmissing virusesâ,1
Alga Halimeda renschii,1
Sia,1
membranes,21
Intestinal OrganoidsâCurrent,1
Factorsâ,1
PROSPER,2
faeces,12
Poria cocos polysaccharide,1
serum vitamin A,1
oral G1b,1
synaptosomes,4
urinary vanin-1,2
urinary Kim-1,1
blood monocytes,2
Peripheral,1
intracranial LPS,1
PMWS,1
urinary YKL-40/Cr,2
serum hemagglutinin,1
veal feedlot,1
liver TCA,1
liver cytochrome P4502E1,1
Golgi brefeldin,2
HFD,2
Serum lipid,1
NF-ÎºB P65,1
E2,9
Plasma Membrane,4
ginseng,4
aqueous leaf extracts,1
mitochondria-associated PHB,1
Folium isatidis,4
cloacal [9,1
oral pradofloxacin,1
Ghosts,1
Blood Ions,1
blood serum samples,1
serum titer/reciprocal CSF,1
cytoplasmic 4b,1
stools,1
mg/Kg,1
cytoplasmic NOP53,1
Vaginal lactobacilli,1
vaginal lactobacilli,2
126.1 Â±,1
ventrum,1
Piglets Porcine,2
yam,1
Organelles Picornaviruses,1
Toxocara canis,3
fecal S100A12,4
grower qLAMP,1
Oral ribavirin,3
gDNA,1
serum Ang II,1
peripheral smear,1
Droplets,1
plasma membrane âmaster organizers.â,1
ileal Peyerâs,2
serum IFN-Î²,1
extract viral-variants,1
serum cytokine,4
plasma angiotensin,1
amygdala,2
papyrifera,1
blood sera,3
peripheral influenza-specific T cell,1
Phenolics,1
sputum DNA,1
skim milk fermented,1
milk fermented,1
alkaline-fermented,1
serum bovine immunoglobulin,1
chestnut tannins,5
clove,2
cinnamon bark,1
thyme,6
peppermint,1
citronella EOs,1
EOs,6
eucalyptus,1
scots pine,1
Volganefti-139,1
oil polyphenols,1
6.7â8.9 Î¼M,1
serum antibodies of,1
saponins,9
Shaanvirus,1
cordyceps,5
Cordyceps,14
Eimeria oocysts,1
serum globulin,3
IgA serum,1
IgY serum,1
serum LAMC2,2
saikosaponins,3
apoplast,1
ileal amino acid,1
Lys,2
BW,39
serum haptoglobin,5
ILTV,2
Blood serum,2
Yupingfeng,1
plasma concentrationâtime,1
adenoviral DNA,1
oil refinery-related,1
Seaweeds,1
sputum specimens,4
serum EDN,1
macrolide-unresponsive MP,1
urine sodium,2
NOD/Shi-scid,1
cytoplasmic CD151,1
plasma IgG,10
blood urea,20
serum anti-IBV,1
serum UA,2
aqueous ethanol,1
Oral Lead,1
rhizome,8
Moutan Cortex,1
Saponins,2
PQ amino,1
Rhizoma chuanxiong,1
glutathione-specific Î³-glutamylcyclotransferase 1,1
sunviruses,1
1/3000,1
serum PEDV IgG,1
serum alanine aminotransferase,7
serum ALT,7
oral commensals,1
Oral faecal microbiota,1
serum PEDV-specific IgG,2
serum IgG1,6
EL Ca(2,3
7630 concentration-dependently,1
microbial-human,1
serum 1,1
intracellular P-eIF2Î±,1
serum shDPP4,2
blood neutrophil transepithelial,1
PB2,2
beak,2
pecker,1
oral prednisolone,8
Pullet,1
Peripheral Blood,2
cytoplasmic capping-prone,1
Plasma citrulline,2
plasma CIT,1
Plasma CIT,3
plasma NO,1
blood ammonia,2
VAA,2
Plasma cell-free DNA,1
quail deltacoronavirus,1
Gut Microbiota-Host,1
Huanglian,2
serum PTX3,1
Astragali Radix,1
Phlorotannins,3
Ecklonia cava Ecklonia cava,1
aqueous honey,1
bone Î³-carboxyglutamate,1
serum C-reactive,3
DHAV 3C,3
prepartum,2
âantiviral stateâ,1
serum anti-BCV antibody,1
extracts â¥0.25,1
lethal MERS-CoV-MA,1
B[a]P-induced ROS,1
near-term,7
precision-cut intestinal,1
Tr-BatCoV HKU33,2
Pemphigus Vulgaris Pemphigus vulgaris,1
steroidâinduced INFH,1
SINFH,3
embryonated henâs eggs,1
adenoids 2/8,1
feeder rats,1
grower,1
plasma RAAS APs,1
bacterin,7
colostral immunoglobulins,1
oral immunoglobulin,1
Serum exosomes,1
plasma LTA,1
oral vitamin A,1
Clerodendrum trichotomum,1
sputum mycobacterial,1
Yupingfeng polysaccharides,1
serum antibody response,1
Golgi apparatus/trans-Golgi,1
bacterine,2
urine protein-to-creatinine,1
Serum creatinine,1
Paragonimus,1
Serum lactate dehydrogenase,1
serum lactate dehydrogenase,9
capybara faeces,1
peripheral immune organs,1
DC- SIGN,1
serum cardiac,2
PCVs,9
shellfish,5
Calves,3
TGN,52
plantarum Vaccine,1
plasma ferric,1
âsevere formâ.,1
liver retinol,1
STVs,1
oil red O,1
nucleus Interferon-inducible p200,1
CVEV,1
VTM,4
Shipped Feed,1
K. pneumoniae,1
calves Calf,1
Oral vitamin A,1
piglets Vitamin A,1
oral VA,2
oral retinyl acetate,1
serum pre-partum,1
16S rRNA-seq,1
End-Tidal CO(2,1
Spleen tyrosine kinase (Syk)-coupled C-type lectins,1
round-shaped cytoplasmic,2
serum immunoglobulin E,1
cytosolic CYPA,1
Patchouli alcohol,1
juice samples,1
oral Lactobacillus casei,2
Fructus Gardeniae,1
dLN,1
Seaweed,1
algae,3
feed additives,4
Non-Adv,2
Sera albumin,1
egg adaptationâassociated,1
plasma leptin,3
Serum eosinophil cationic,1
load-independent,1
serum kalium,1
serum amylase,1
serum cholesterol,6
SEM,1
VRCs,1
lung homogenate,3
lung TNF-Î±,1
Saikosaponin c,1
brain 5-HT,1
serum aminopeptidase,1
Vaginal Lactobacillusgasseri CMUL57,1
peppermint oil,1
Milk mucin,1
oral Lactobacillus casei vaccine,1
VEEV CPD,2
cytoplasmic tongues,1
peripheral blood type I,1
peripheral blood type I interferon,1
i.p,6
pycnotic nuclei,1
PNS-type,1
flocculus,1
cytoplasm 8,1
HAI MAb,1
peripheral electron,1
lysosome-like granule,1
extra-mitochondrial mtHSP70,1
Serum IgA,1
plasma PCT,1
Serum IFN-Î³,2
serum IL-17F,1
calf faeces,4
heat-inactivated sera,1
lamb astrovirus antigen,1
BECV-LY138,3
serum IgG antibodies,3
extraneurally,1
peripheral constituents,1
colostrum recipients,1
calf feces,2
BV DNA,1
nucleoplasmic,6
Serum YKL-40,1
serum YKL-40,2
peripheral blood sIg(+,2
plasma IgG2a,1
CNS myelin,6
urinary cortisol,1
Blood neutrophil,1
plasma PAI,1
ileal Crohnâs,1
GERL,1
mother-child,4
plasma renin,1
blood O(2,1
Meconium,1
Blood Plasma,1
Blood plasma,1
postprandial glucose,1
plasma amino,3
Cryptosporidium ryanae,1
cytoplasmic tyrosine kinase,1
alga Kappaphycus alvarezii,3
milk replacers,6
serum aminopeptidase-M,2
enzymeseems,1
BALF,4
profuse filopodia,1
triterpenoids,1
side-branches,1
mid-pregnancy,1
sterol-,1
plasma membrane cholesterol,1
milk producerâs,1
root extracts,1
Serum IFN-concentration,1
blood CD4,1
plasma HIV,1
microsomes,15
DAVID,1
plasma prothrombin,1
intracellular HBcAg,1
side-chains,1
Chloroplasts,1
serum immunoglobulin D,1
seminal plasma,6
serum glucose,2
Serum amyloid A,4
Beta-amyrin 11-Oxidase,1
Beta-amyrin 24-hydroxylase,1
Aloe,1
serum immunoglobulins,3
GABHS,10
serum IgG antibody against capsid,1
gastroesophageal varices,1
longum SPM1205,1
Ecklonia,2
plasma membrane Ca2+,1
neonates,10
Cytoplasmic tail,1
plantarum,1
lettuce,4
strawberries,3
serum corticosterone,5
plasma VL,3
Venipuncture,1
Peripheral blood mononuclear cells specimens,1
serum angiotensin II,1
serum mIFNÎ±,1
high-serum 25(OH)D,1
2.4-Ã ,1
Peyer,2
"peripheral joints(1,2,3,4,5",1
studiesâto,1
Serum IFNÎ³,1
oral ribavirin,15
serum natural killer cells,1
Serum Surfactant Protein D,1
sterols,10
plasma membrane (PM)-resident,1
blood malondialdehyde,1
fetal bovine,1
Deltacoronaviruses,1
serum Newcastle disease virus-,1
peripheral blood T lymphocytes,2
peripheral blood T lymphocyte,3
Peripheral blood monocytes,3
root Cd(2,1
leaf Cd,1
leaf melatonin,1
aerial parts,1
serum MBL,3
TLR4/NF-ÎºB,1
Blood Donors,2
sunflower-seed oil,1
fecal D-lactate,1
plasma proteinâsupplemented,1
brain-heart,1
serum calcium,3
EDTA-plasma samples,1
Saliva Specimens,1
urinary antigen,5
Oral Ribavirin,3
nonmeningeal,1
oral RBV,1
plasma IP-10,4
Plasma/serum,1
Plasma cytokines/chemokines,1
peripheral blood cells,4
plasma membrane calcium ATPase,1
plasma membrane-bound angiotensin-converting,1
feeds,3
Fructus Forsythiae,2
serum lectin,1
tetra-antennary oligosaccharides,1
serum autoantibodies,1
serum IgA antibodies,1
tissueâspecific selfâantigen,1
trans-cisternae,1
Aqueous,3
liquorice roots,9
licorice roots,3
ruminal S. bovis,1
hyperimmune globulin,1
spring-calving cows,2
morulae,2
Serum carcinoembryonic antigen-related cell adhesion molecule 1,1
serum CEACAM1,2
Serum CEACAM1,1
seminal vesicles,2
seminal vesicle,4
Asp54,1
milk allowance,1
Serum endotoxin,2
blood endotoxin,1
serum TNF-Î±,3
dewormed,1
blood type O,1
Serum antibody,3
Dendritic CellâSpecific Intercellular Adhesion Molecule 3âGrabbing Nonintegrin,1
stool filtrate,3
Krebs,1
renal NaDC-3,1
Plasma urea N,1
grower pullets,1
colostral Se,1
Se-replete,1
calf serum,9
striatum DA,1
antisera,8
spleen tyrosine kinase (Syk)-coupled C-type,1
DRCC,1
plasma/serum specimens,1
MERS-CoV-specific,3
mDPP4,1
blood lactate,5
JHM.WU,1
body TRSs,1
PRN,2
Peripheral blood T cells,1
SIA contact,1
SIA,1
trypsin-treated,1
seminal fluid,2
serum IgM,10
sialoglycoproteins,1
intracellular IFITM3,1
chest Xârays,1
serum IFN-Î±,1
plasma thyroxine,3
pre-immune serum,1
sera IgG,1
intracellular CG-1B,1
serum neutralizing-antibody,1
neonatal VÎ³9VÎ´2-T cells,2
oral dexamethasone,1
hCRTE6E7L2 DNA,1
hCRTE6E7L2 DNA vaccines,1
serum ACE,2
milk allergens,1
trypsin-treated retrovirus,1
Cytoplasmic Poly(A,2
blood plasmablasts,1
peripheral blood plasmablasts,1
cisterna membrane,1
lung CD4(+,1
Plasma Procalcitonin,1
E2 Cys,1
enfuvirtide,2
peripheral blood myeloid mononuclear cells,1
serum species immunoglobulin,1
lethal toxin,1
plasma sP-sel,1
Plasma fractionators,1
urine albumin,1
NDN,1
pre-HCT,1
plasma peroxiredoxin II,1
incubates,1
"basolateral compartments(17,18",1
EPO-driven marrow,1
Cys-His,2
Cytoplasmic Dynein,1
cytoplasmic dynein,4
cytoplasmic dynein-dependent microtubule,1
liquorice root,1
Peripheral blood lymphocytes,5
Î±-ketoamide,1
serum trypsin-like,4
serum TLI,1
plasma Ab,1
plasma NGAL,1
botulinum neurotoxin A heavy chain,1
tractus solitarius/dorsal,1
plasma Ang II,4
SVN,2
haemolymph,2
seahorse-shaped zinc-aminopeptidase,1
extracts Gn,1
lung IFN-Î±,1
skim milk-tryptone-glucose-glycerol,1
Vesicle,3
nonimmune,2
serum Th2,1
NDV V,4
TBil,6
NTS,11
vesicle,5
endoplasmic reticulum-to-Golgi,2
SCT DNA vaccines,1
SCT DNA vaccine,1
periphery,1
blood cells/lpf,1
jockey,1
serum response factor,1
intracellular AX1,2
blood malignancies,2
cerebral tachyzoite-specific SAG1,1
plasma PI3,4
"1:10,000",2
FFP tree,3
2.15-Ã ,1
chloroform/methanol,1
serum albumin/globulin,1
quail sTva-mIgG,1
quail Tva receptor,1
cytoplasmic PCBP1,1
MeV virions,1
Evans,1
Cytoplasmic Tails,1
1â4 Âµm,1
serum anti-gD immunoglobulin G,1
extracellular ISG15,2
IFN-Î²-induced Stat-1/2,1
Peripheral CD19-Dependent Germinal,1
serum Ab,3
garlic,5
cytoplasmic IBs,1
oral verdinexor,1
cerebral blood,2
Pomona Leaf-Nosed,1
peripheral 6K(2,2
peripheral vesicles,1
serum BAFF,1
plasma NT-proBNP,1
plasma sACE2,1
mitochondrial p53,1
aqueous VB,2
Tyr-190,1
CNS glutamate,1
DC-,1
chicks Two-day-old,1
seafood,2
Gln58,1
peripheral blood B cells,2
Fish Caveolin 1,1
serum RSV-specific IgG1,1
HBSS1,4
beet,1
ECS,1
prolificans,1
nasal DNA vaccines,1
Basolateral,1
peripheral punctate,1
Plasma membrane,2
cattle fecal,1
"aqueous 2,2,2-trifluoroethanol",1
Serum TGFâÎ²1,1
serum TGFâÎ²1,1
vNSP2,1
efferent CT-b,1
oral apoA-I,2
plasma serum amyloid A,1
Plasma SAA,1
peripheral blood T cells,2
Serum AST,1
PEC serum antibodies,1
101.22Â°,1
Plasma Blood,1
Blood Systemâ¢,1
anesthesia,3
intraperitoneal LPS,1
lung VCAM-1,1
MERS-CoV-specific CD4,1
Lactation,1
DIO,1
DIO rats,1
plasma insulin,2
plasma cytokine/chemokine,1
EZ1 kit,1
blood oxygen,8
cytoplasmic material,5
2.5-â«,1
2.3-â«,1
allspice oil,6
lemongrass oil,6
peripheral IP-10,1
peripheral blood B lymphocytes,1
intraperitoneal ketamineâdexmedetomidine,1
intraperitoneal ketamineâxylazine,1
2.6-â«,1
Serum Antibody,1
A. Lissenberg,1
K.,3
serum IN,4
serum HAI,1
serum IN antibodies,1
blood 3,2
K187,2
cytoplasmic p28,1
High-mannose-type N-glycans,1
streptozotocin-induced,1
intracellular ERK2,1
intracellular ERK,1
intracellular pERK2,1
plasma IgA.,1
cytoplasmic reticulovesicular network,1
PLA2G10-Tg,1
BM,2
sera specimens,1
plasma von Willebrand factor,1
glutamate-induced ACE2,1
oral ACE2,1
urinary magnesium,1
basolateral EGF,1
plasma transaminase,1
colostral antibodies,1
Serum Cytokines,1
vacuolar ATPases,1
anti-alphavirus,1
cytoplasmic aconitase,2
plasma triglyceride,1
plasma LPL,1
plasma angiotensin peptide,1
FM3A murine mammary tumor cells,1
serum CypA,3
serum ALT/AST,1
blood monocyte-derived macrophages,1
blood eosinophil,1
Serum amyloid,1
blood 6,1
precision-cut lung,2
Cytoplasmic poly(A,1
veal herds,6
Lemurs,2
Rf1,2
blood transfusionâtransmitted,2
BV virions,1
serum antigen,1
cytoplasmic granules,4
Serum anti-influenza antibodies,1
Betacoronavirus 1,1
ventricle,1
milk caseins,1
serum triglycerides,1
intracellular SAH,1
hepatic IRF-1,1
intracellular CD81,1
plasma membrane microdomains,1
Serum IL-6,1
organelles,1
Serum hepatic,1
PVM,1
fetal calf sera,1
Cytoplasmic DNA,1
cytoplasmic DNA,2
Cal WT-infected mice,1
cytoplasmic G3BP1-,2
Serum aminotransaminase,1
chorioallantois vaccinia virus Ankara (CVA),1
2.10-Ã ,1
db/db,1
blood eosinophil count â¥0.4Ã10(9)/L,1
serum tumor necrosis factor alpha,1
cytoplasm compartmentalise,1
Panax quinequefolius,1
peripheral oxygen,1
ThermoBioStar,2
serum collectins,1
CRD,3
plasma/serum,2
plasma T helper (,1
peripheral AÎ²,1
serum anti-Bordetella,1
blood cell,1
oral L-4F,1
Blood System(TM,1
peripheral drak2-deficient T cells,1
ISCOM,3
PCV-7,1
2.35-â«,1
Xihu,1
Golgi Brefeldin A Resistance Factor 1,1
oral vitamin D(3,3
serum apolipoprotein E,1
serum ApoE,1
peripheral selfâtolerance,1
s.c,6
lymphatic systemâspecific,1
Ftt,1
Extracellular CyPA,1
urinary angiotensin converting enzyme 2,1
urinary,1
plasma NEP,1
urinary NEP,1
cerebella,3
siRNA/NP,1
peripheral blood lymphocyte,4
Serum interleukin-2,1
LCMV-infected STAT1,1
Fecal Immunoglobulin A Antibodies,1
plasma triglycerides,1
Plasma interleukin-18,1
K169,1
Peripheral LCMV,1
plasma ANG II,1
blood lactic acid,8
plasma apoC2,1
blood tinged mucus,1
AAV6-hSERCA2a,4
adefovir-resistant,1
WHV,2
pCGWHc,1
blood natural killer cell,1
serum T-helper type 1,1
post-medial Golgi,3
post-medial compartment,1
Serum Cytokine,2
Serum protease,1
serum protease,1
serum ectopeptidases,1
serum peptidase,1
plasma HDL-cholesterol,1
oral NSAID,1
brain apolipoproteins,1
P2 stemâloop,1
Blood Glucose,1
octapeptide ANG II,1
Serum IP-10,9
serum interferon-Î³-inducible protein 10,1
Pemphigus autoantibodies,1
plasma kallikrein,1
IDV-specific IgG1,1
vivo-expanded human,1
E2 amino acid,1
peripheral ER,1
Peripheral Virus,1
peripheral MCP-1,1
peripheral TMEV,1
SM,2
2â3-fold,1
H273R PV,1
plasma haptoglobin,1
F164,1
serum anti-MHV,1
rWIV1,1
lysosomalâendoplasmic reticulum,1
P/V,4
serum chitinase,1
sputum pentraxin 3,1
Serum LTE4,1
serum skin,1
serum eosinophil cationic,1
Nora Veszeli,1
Kijeong Kim,1
serum 25-hydroxyvitamin,1
Minyoung Jung,1
Serum Periostin,1
Serum Skin,1
Serum Surfactant Protein(SP)-D,1
Serum Interleukin,1
Intravenous Immunoglobulin Young-Hee,1
Serum Folate,1
Oral Acitretin,1
Serum TARC,1
Plasma Interleukin-25,1
Serum Vitamin D,1
Serum Immunoglobulin E,1
Taehyeong,3
Pollen,1
Serous Sige,1
Angelica Tenita,2
diphtheria â,1
serum gangliosides,1
serum lactate,2
stool CVLP,2
recirculating,1
crusts,1
serum electrolytes,2
Folium Isatidis,1
Folium Perillae,1
serum amyloids A,1
colostrum powders,3
colostrum powder,8
ICWM,14
lycorine Lycorine,1
information/material,4
pasteurization,2
Calophyllum inophyllum,1
Calophyllum,4
Fresh-cut,1
lycorine-type,1
root-to-shoot,1
Stevia,2
ferns,1
feed commodities,1
precision-cut intestine,1
âmoral agentâ,1
bio-factories,1
lees âdwangmaatregelenâ,1
rhizosphere,1
SDBP,1
ADFI,1
calf BW,1
"Lo Re, III",1
Made-to-measure Microbes,1
calf serum antibodies at 7 d,1
colostrum antibodies,2
calf serum antibodies,1
calf serum antibody,1
âFinancial supportâ,1
tractus respiratorius,1
klachten toegerekend,1
blood transfusions,2
Oral Vaccine,1
intracellular Ad12,1
oral anticoagulants,1
epidemiology/spectrum,1
myocardial Ca(2,1
serum nuclease,1
bispecific antibody-armed,1
NWCs,1
Solanum,1
ajmalicine,1
scienceââmicrobial forensics.â,1
integrum laufen,1
Beak,1
peripheral myelin P0,1
alveoli terechtkomen,1
sewage/animal,1
landelijke organisaties,1
Infektionsschutzgesetzes bewogen,1
blood pressure-150/96,1
Erregerspektrum von,1
plasma donations,2
Cypripedium,1
Colostrum Antibodies,1
Colostrum antibodies,1
VP2 gene-based,1
Blood Marrow,2
Cartilago cricoides,1
erregerspezifische Ãbertragungswege,1
corona virus disease 2019,18
dandelion,3
leaf nitrate reductase,3
HAG,1
oral rotavirus,1
allantoic fluid,1
serum CSF antibody,1
serum CSF,1
serum triglyceride,1
serum glutamic pyruvic transaminase,1
20Â°,2
22Â°,1
nucleus accumbens,5
ventrolateral nucleus accumbens,2
NAcc DA,2
NAcc 5-HT,1
serum IgE.,1
Kittens,6
blood IgG1,1
serum 125I-IgG1,1
abortus LPS,1
serum gonadotrophin,2
calf ileal,1
milk samples,1
milk IgA,2
milk antibody,2
aqueous membrane,1
3'-coterminal ânestedâ,1
post-partum,2
mares,2
blood virus,1
between-strain,1
serum digoxin,1
ser transducidas,1
hyaline,1
pigs Na+,1
plasma urea,4
Colostrum Replacers,1
colostrum replacers,3
Plasma IgG,5
Milk Replacer,2
serum rotavirus,3
milk replacer/d,1
Rumen fluid,1
Colostrum Powder,1
256mg/L.,1
blood micro-mineral,1
oregano,3
vesicular trafficâfor,1
Serum Mg,1
stool electron,1
colostrum samples,2
colostral immunoglobulin,1
pituitaries,1
trasplante,1
CA1,1
milk glycoproteins,1
serum aspartate amino-transferase,2
"orange-yellow (4â²RS)-4â²-chloro-1â²,4â²-dihydrobananin",1
peripheral blood stem cells,1
peripheral blood CD8,1
41/239,1
serum muscle enzymes,1
cytoplasmic granular aggregates,1
H5 DNA,1
blood enterovirus,1
oral aspirin,1
serum albumin level>21.6g/L,2
1.1Ã1010 pfu/mL.,1
membrane-enriched,1
Flos Trollii,1
serum CXCL9,1
Plasma hemoglobin,1
milk IgA antibodies,1
Gancao,1
Blood eosinophil,1
blood lipid,3
serum N-terminal pro B-type natriuretic peptide,1
serum NT-proBNP,1
blood bilirubin,2
seafood market,4
Penicillium,2
peripheral bacterial,1
oil Brancq,1
P.H.,1
calf sera,1
Colostrum samples,2
oral paromomycin,1
Microsporum gypsum,1
Blood carboxyhemoglobin,1
plasma nicotine,1
heart mitochondrial matrix,1
Blood Bank,2
lysosomal CP,1
Blood Substitutes,2
Plasma Protein,1
cheese,1
anthocyanins,1
EDIM,1
EDIM virus,2
lamb brains,1
plasma derivatives,2
oral zinc,1
colostrums,1
torus,1
Microsporum canis,1
cytoplasmic virus,1
Milk A.,1
sputum eosinophil,2
semicapitalist,1
Schaedler,1
lacteal constituents,1
intracellular parasiteâ,1
urinary sodium,1
cereal,1
Plasma zinc,1
plasma zinc,2
stevioside,1
powder anthrax?â,1
oral use/edible,1
albumen,1
Phaeophyta,1
Emtricitabine,1
sumac,1
spices,1
egg IgY antibodies,1
aiguÃ«,4
bÃ©,4
neonatal calves,4
colostral leptin,1
WSE,1
serum malondialdhyde,1
Cryptosporidium Piglets,1
single-donor,1
blood SAA,1
oral Azithromycin,1
vacunas preventivas,1
breve resumen,1
plena actualidad que,1
modificaciones asÃ­,1
Shensu Wan,1
Reduqing,1
SituaciÃ³n ClÃ­nica,1
ser Ãºtil clasificar,1
ser lo,1
dichas Ã¡reas,1
alta resoluciÃ³n,1
evoluciÃ³n autolimitada,1
ser mÃ¡s prudente,1
ser valoradas por,1
BCG vaccines,1
antigÃ¨nes viraux,2
1 VPI2,1
plasma substitutes,2
anti-D immunoglobulin,1
lâantibiothÃ©,2
subaiguÃ«,1
"FrF 200,-",1
contracts,1
BW 240Â±1,1
TIVAP,3
ser aislado,1
afecciÃ³n anatÃ³mica,1
integra los gÃ©rmenes patÃ³genos,1
unâespansione volemica,1
reidratazione adattate,1
boarder,1
soot,2
remdesivir,4
nephron,1
Podophyllum hexandrum,1
oral acetilsalycilic acid,1
intravenous penicillin,1
oral minocycline,1
conocen aÃºn,1
ser posible,1
soluciÃ³n bebida,1
Ophiocordyceps,2
serum liver,1
l'efficacitÃ©,1
au-delÃ  ,1
torrente sanguÃ­neo,1
oral bacteriophage cocktail,1
milk-based ORS,2
AiguÃ«,1
Ãbertragung,1
Lopinavir (LPV)/ritonavir,1
aqueous solutionsâ,1
2 PIs,1
Glycyrrhizae Radix,1
oral HGF,1
ser determinante,1
chest Xâray,1
aqueous penicillin G,2
forma independente,1
oral Ã©,1
Edema,1
milk banks,1
ganglion sentinelle,1
neonatal asphyxia,1
remnant DNA,1
MERS-CoV-specific IgG.,1
distillers grainâbased,1
femora,1
16S-23S,2
Malassezia,2
basolateral PAR-2,3
sarbecovirus,3
Microglial hM3Dq,1
lopinavir/ritonavir,1
Ro,1
nasal-swab,1
crude CFR,2
serum PCSK9,1
urine K+,1
serum proalbumin,2
serum SARS-CoV-2,1
serum SARS-CoV-2 nucleic acid,1
Serum SARS-CoV-2,1
aminoacids,2
blood T cell,1
urine microalbumin,2
urinary creatinine,1
urine immunoglobulin-G,1
UACR,1
serum amyloid protein A,1
AST/ALT,2
21 cities/,1
blood platelet,1
serum myocardial,1
Serum urea,2
serum luteinizing hormone,1
serum T,1
danoprevir,1
plasma CRP,2
Midbrain,1
serum IgM-IgG antibodies,1
plasma antibody,2
serum phosphorus,6
blood phosphorus,1
chemiluminescence-immunoassay,1
subnanomolar,1
plasma NAb,1
blood CRP,1
plasma BNP,1
Blood glucose,2
oral indomethacin,1
corona,1
tea polyphenol,1
colostrum suckled,1
cytoplasmic lncRNA-AVAN,1
cytoplasmic condensates,1
hippocampal NR2A/2B subunits,1
Serum anti-Sm antibodies,1
hippocampal NR2A/NR2B,1
hippocampal NR2A,1
hippocampal NR2A/2B,1
midbrain dopamine,1
JMTV,1
oculomotor nerve,1
serum cardiac troponin,1
intracellular delta,1
basolateral antigens,1
plasma membrane-proximal,1
cisterna,5
plasma membrane bilayer,1
"core-2 Î²1,6 GlcNAc T",1
Cytoplasmic Disulfide,1
plasma membrane-,1
Plasma Membrane ATPase,1
plasma membrane ATPase,1
SOP2,1
Serum autoantibodies,1
cytoplasmic dynein-associated,1
peripheral CD4 T cells,1
trans-Golgi component(s,1
cytoplasmic amino,1
plasma protein C-reactive protein,1
Plasma ApoD,1
Polyphenols,1
meals,1
yunzhi,2
danshen,1
faecal coliforms,1
Phe,2
Serum IgG antibodies,1
foetal bovine serum,1
licorice seeds,1
NDV genome,1
Euphorbia Erythradenia Bioss,1
Plasma DNA,1
pullets,1
Peripheral blood neutrophils,1
VV 21-kDa,1
serum JHMV-neutralizing antibody,1
antireceptor MAb,1
plasma melatonin,3
Bup-SR,2
3D polymerase-primed,1
stool viruses,1
peripheral p58-positive,1
BBM,1
intraperitoneal KX anesthesia,1
CAL,1
peripheral blood mononuclear leukocytes,3
Cytoplasmic extracts,1
plasma corticosterone,2
Plasma L-kynurenine,1
alfalfa mosaic virus (,1
serum hemagglutination-inhibition,1
tyrosine hydroxylase-positive neurons,1
clostridial vaccine,1
antireceptor MAb CC1,1
plasmalemma,2
blood compartment,1
serum amyloid A1,1
serum LD,1
Plasma cytokine,1
milk powder,3
Plasma melatonin,2
intramammarily,1
neonatal collies,1
calf serum IgG,1
iron-induced ferritin,1
serum creatine phosphokinase,1
Q159,1
GA-ZEBOV,1
genome-length,1
Ser-1165,1
serum Hp,1
Serum SAA,1
nonimmune dams,1
lacteal,2
lamb rotavirus,1
Peripheral blood neutrophil,1
QuÃ©,2
multivesicular compartments,1
liver membranes,1
SPF-piglets,1
serum IFN-Î³,6
serum IFN-Î³.,1
Antiserum V58,1
blood MNC,1
plasma D-xylose,1
cytoplasmic nucleocapsids,1
HEP Flury,1
Plasma exudation-derived,1
serum glutamic oxalacetate,1
ECV,1
clots,2
Plasma corticosterone,1
suprachiasmatic nucleus,2
plasma constituents,1
milk cultures,1
serum hepatitis,3
trypsin-treated virions,1
serum apolipoprotein A-I,2
Serum apolipoprotein A-I,1
serums cross-reacts,1
Plasma Albumin,1
plasma albumin,2
blood clots,1
pills,1
venule,1
milk antibodies,2
oral PGE2,1
cytoplasmic 28S,1
mg/kg,1
serum chloride,1
Plasma lactate,1
intracellular E. risticii,1
Mnn1p,2
rotaviral double-stranded,2
rotaviral double-stranded ribonucleic acid,1
Peripheral blood mononuclear phagocytes,1
oral linezolid,1
Serum aminotransferase,1
plasma ammonia,1
MRP-A59 RNA-transfected,1
calf fecal,1
blood clot,2
serum iron,6
clostridial vaccines,1
oral toceranib,1
anti-asialo GM1,2
milk lipases,1
milk lipids,1
Urinary leukotriene LTE(4,1
Serum Secretory Phospholipase A(2,1
serum secretory phospholipase A(2,1
polyphenolic-rich GE,2
serum sPLA(2,2
serum IgA. ConclusionâAbnormalities,1
Serum iron,1
ppd 21,2
cytoplasmic surface,1
lamb-derived Cryptosporidium,1
Pregnancies,1
peripheral blood neoplastic cell,1
rostral-,1
calves PI,1
guinea-pig myelin basic protein,1
cytoplasmic tubules,1
cytoplasmic tubular invaginations,1
oral electrolyte,1
oil vaccinates,1
"1:3,000",1
milk whey,1
Serum interferon,1
oral electrolytes,5
intraperitoneal murine coronavirus JHM,1
lt;italic&gt;de novo&lt;/italic&gt,1
ser divulgada amplamente,1
neonatal COVID-19,4
escenario,1
neonatal 2019-nCoV,2
oral lopinavir/ritonavir,1
ofHuazhong,1
serum ALB,1
serum ferritin,9
serum IgMand IgG antibodies,1
colostrum replacer,7
Serum vitamin,1
serum 25-(OH)-vitamin D,1
Abdomen,1
Serum IFN-Î³-induced,1
post-prandial insulin,1
aqueous perfusates,1
siguen,1
foetal calf serum,1
sputum acid-fast,1
spatialâtemporal,1
oranges,1
DRG,1
intraocularly,1
valoraciÃ³n clÃ­nica,1
Spleen tyrosine kinase,1
fetal bovine intestinal epithelial cell cultures,1
Serum Hp,1
serum IgE antibodies,1
perikarya,4
mini-fluidic VUV/UV,1
plasma membrane-bound carboxypeptidase,1
serum anti-Mycoplasma pneumoniae antibody,1
plasma polyunsaturated fatty acid,1
flaxseed oil,1
plasma polyunsaturated FA,1
serum vitamin D,1
Serum vitamin D,1
sDPP4,2
oviduct ovomucin alpha,1
lemniscal afferents,1
Neonates Born,2
blood eosinophils,1
Phe106,1
serum ECP,1
serum OVA,1
aqueous suspensions,2
plasma globulin,1
sanchi flavones,1
serum HP-PRRSV,1
4.56â°,1
FS772/70,2
lung extracts,1
lung IFN-Î³,1
trout genome,1
temporalâspatial,1
peripheral CK-MB,1
plasma xylose,1
oral PBCA-Tp5-NPs,1
IgY anti-T.,1
centrifugal ultrafiltrationâHPLC,1
intracytoplasmic,2
Triterpenoids,1
alta transmisibilidad,1
ser descartada,1
intravenous bovine plasma,1
plasma transfused calves,1
oral theophylline,1
plasma plasminogen activator inhibitor-1,1
thrombocytopenic cats,1
serum selenium,4
serum antibody directed,1
Serum IL-23,1
serum IL-21,1
FORL,2
serine UCN,1
cranberry juice,2
juices,2
serum PRRSV,1
sIgA,1
oral rFeIFN-Ï,1
Post-Transplant Cyclophosphamide,1
post-transplant cyclophosphamide,1
Sho-saiko-to,1
Polygonum,1
chest X,1
endoplasmic-reticulum,1
ser objetivas,1
PCV 2,1
skim milk powder,1
soya,1
soyabean,1
erthyrocytes,1
plasma sFasL,1
BRV-2,4
2D8,1
blood count/basic,2
Faeces IgM,1
calcaneus,1
plasma cystatin C,3
urine cystatin C,1
6798,1
H298,1
Glycyrrhizae,1
serum immunoglobuline G,1
liver extracts,1
PMCs,2
serum IL-35,1
EVs,1
placentomes,1
DTH,1
hyperchromic,1
intravenous adenovirus type 5,1
cytoplasmic ARSs,1
herd FCA,2
305-d FLP,1
plasma SARS-associated Coronavirus,1
plasma SARS-CoV,2
Plasma SARS-CoV,1
Meliae cortex,2
Coptidis rhizoma,2
oral itraconazole,1
spleen 5â7,1
oral NTZ,1
adjuvant-containing,1
serum transaminases,3
serum glutamic oxaloacetic transaminase [SGOT]/serum glutamate pyruvate transaminase [,1
anti-BRV IgM,1
anti-BRV ASC,1
lavado nasofarÃ­ngeo,1
Plasma membrane cholesterol,1
endoplasmic reticulumâGolgi,1
colostrum IgG antibodies,1
non-BNP,1
alga Halimeda tuna,2
Saliva Mini,2
Saliva kit,1
cake,5
EMA/PMA,1
antiserum recipients,1
lâantibiothÃ©rapie chez 14,1
peripheral CD4,1
yeast Atg6,1
joint CDHA/IWK,1
Aglaia,1
NOAEL,1
plasma 2,1
Panax,1
quinolizidine,1
blood componentsâriboflavin,1
plasma envelope,1
oral PPI,1
foetal calf,1
Huangqin,1
peripheral blood polymorphonuclear neutrophils,1
crude glycyrrhizin,1
lateral asparagine/glutamine,1
colostrum sera,1
serum anti-JHM virus IgG,1
Serum cyanocobalamin,1
serum nonesterified fatty acid,1
plasma immunoglobulin,1
serum C-terminal telopeptide,1
serum osteocalcin,1
serum CTx,1
Jubanines FâJ,1
Serum Angiotensin-converting Enzyme 2,1
mid-intestine,1
bone matrix,3
Serum C,2
âsurge capacityâ,1
BRV-2 HE,1
oral doxycycline,1
BV envelope,1
exoplasmic,1
plasma histamine,1
Plasma enteroglucagon,1
plasma enteroglucagon,1
blood donorsâ,1
lung surfactant protein D,1
serum collectin,1
serum IgG-,1
cytoplasmic cargo,1
group-4 agentsâ,1
lamb scours,1
âiron piracyâ,1
WHOâan,1
subQ,2
A-IC,2
âantiviral stateâ.,1
anterior raphe nuclei,1
intracellular cyclic-AMP,1
plasma bacterial,1
serum nitric oxide,1
L. chagasi,2
neonatal calf scours,1
colostral IgG,1
Plasma Membrane Proteins,1
serum Aspergillus,1
Serum MBL,1
serum IgM antibody against,1
fetal bovine sera,1
Sephadex G-200,1
salivary peroxidase,1
CFLI,2
CYMV,1
lâinterprÃ©,1
Blood MxA,5
blood MxA,2
peripheral blood cell,1
spike-specific whole-porcine,1
Mares,1
serum bilirubin,1
serum eosinophil cationic protein,1
peripheral eosinophil,1
Serum ECP,2
serum IgG2a/IgG1,1
trifluoromethyloxirane,1
Kittens Vaccines,1
SCBLC,4
Lipid Bilayers,1
Serum Immunoglobulins,1
serum Ig,4
barn,1
blood uric acid,1
Placentas,1
blood sodium,1
blood electrolyte,1
ABSTRACT Milk fat,1
yogurt,1
Serum haptoglobin,1
Serum amino-terminal,1
serum carboxy-terminal telopeptide,1
serum G-CSF,1
blood pathogens,1
serum sTREM-1,4
Serum sTREM-1,3
cloacal fecal,1
Mtb WCL,1
urine Î²2-microglobulin,1
serum HBsAg,1
serum HBsAb,1
2H Phosphoesterase,1
veal,4
octapeptide NH2-AVLQâSGFR-COOH,1
paraventricular nucleus,1
Serum interleukin-6,1
ruffled hair,1
serum parathormone,1
feed wastes,1
spine,1
medulla,2
brain glycogen,1
system-activating,1
aerial,1
4.8Ã10â3 Î¼g,1
capside,1
25mg/kg,1
POMxl,1
serum lysozyme,1
serum galactomannan,1
Technology,2
ser diagnÃ³stico,1
Yolk immunoglobulin,1
SFTS-epidemic,1
rumen papillae,1
Rumen,1
Non-capsular vaccine,1
calf camels,1
cytoplasmic cellular,1
PB2 Asp701Asn,1
Patient X,1
cytoplasmic immunoglobulin,1
cytoplasmic Ig,2
extrats,1
hypothalamic nuclei,1
Plasma alpha1-glycoprotein,1
sera rÃ©alisÃ©e dans certaines,1
ERGIC p53,1
abdomen,1
ser retrasada,1
Cytoplasmic IBV,1
brush-border auto-antibody,1
oral colostrum,1
calf ranches,1
2H6,1
postcolostrum blood,1
serum antibody isotypes,1
sera nÃ©,1
QIAamp,1
extracellular cyclophilins,1
blood CD8,1
Serous,1
serum neopterin,4
serum anti-rotavirus,1
intracellular virus-specific,1
serum Î±1-acid glycoprotein,2
serum AGP,1
TYB,1
serum cytokines interleukin-6,1
Serum IL-8,1
serum IL-8,2
bronchoalveolar fluid,1
CLART PneumoVir2,1
oral hydrochlorothiazide,1
CHOs,1
laggard GP,1
colts,2
Fructus Tsaoko,1
aqueous cytosolic,1
plasma tumor-necrosis factor (TNF)-Î±.,1
blood serum-derived,1
MeOH extracts,1
scienceâsocial,2
serum hormone,1
peripheral blood dendritic cells,1
siglas,1
serum anti-DNP,1
RCNMV RNA1,1
crown-like,1
Licorice root,1
peripheral PRRSV-specific,1
intracellular gp41,1
sera renouvelÃ©e,1
Serum IgE,1
anti-Salmonella IgM,1
serum influenza-specific IgM,1
serum antiphospholipid antibodies,1
M1/2 segments,1
non-smokers,1
sputum interleukin (IL)-8,1
Prevenar 13Â®,6
Prevenar 7Â®,1
basolateral culture fluid,1
grapefruit juice,1
serum anti-TGEV peptides antibodies,1
Serum anti-N immunoglobulins,1
Zn,1
17/19nt,1
Saikosaponin b2,1
biennial C1 Esterase Inhibitor Deficiency Workshops,1
cytoplasmic cysteine,1
peripheral blood T-lymphocytes,2
biflavone amentoflavone,1
molestia crÃ³nica,1
R294K,1
serum isotype-specific antibodies,1
Serum IgG1 antibody,1
plasma cell membranes,1
plasma alanine aminotransferase,1
Bioactivity-guided,1
P2 Asn-specific,1
paraventricular,1
Paraventricular nucleus,1
serum glycoprotein,1
serum LRG,1
IgY immunoglobulin,1
oral levofloxacin,1
calf herds,1
plasma material,1
64.35,1
Aqueous humor,1
Fructus forsythiae suspensae,1
Pericarpium granati,1
oral Salmonella-S-DNA-control,1
oral Salmonella-tPA-S-DNA,2
oral Salmonella-CTLA4-S-DNA,2
60th,1
anti-Flavivirus,1
2g/d,1
cytosolic cPLA2,1
odd-eyed,1
Serum interferon-gamma-inducible,1
oviducts,2
TMGT,1
extracellular BmpA,1
serum PEDV,2
serum IFNÎ±,1
calves flavonoids,1
serum IG,1
Ginseng,1
receipts,2
Milk immunoglobulins,1
brindled mouse,2
Glu166,1
serum creatine kinase,1
plasma uric acid,1
blood IgG,1
colostrum IgG,1
blood gammaglutamyltransferases,1
bulk-tank milk,1
bulk-tank,1
PCLS,4
stilbenes,1
nonvaccine ARD,1
Plasma CCK,1
plasma ACTH,1
plasma angiotensin-(1â7,1
uterine prostaglandin,1
aerial sprayingâs,1
endoplasmic reticulumâGolgi,1
blood carbon,1
Plasma DPP4,1
plasma DPP4,1
hepatic insulin,1
cytoplasmic antigens,1
two-chamber,1
veal herd,2
Calfhood,1
clostridial,1
800-nt,1
urine cortisol-to-creatinine,1
cytoplasmic antigen,1
intracellular Tat,2
ser administrado,1
troisiÃ¨me Ã¢ge,1
Leptospira,1
sIFITM3,1
saisonniÃ¨res,1
serum amyloid P,1
peripheral CD3+,1
peripheral CD8,1
Haymarket Communications,1
basil,1
rosemary,1
sputum IL-1Î²,1
serum interferon-Î³-induced,1
enterocytes,1
VN-positive,1
C7/T1,1
colliculus,1
plasma VEGF,1
Oral Erythromycin,1
milk feeds,1
plasma lipoproteins,1
blood pig lymphocytes,1
Clostridial Abomasitis,1
heat-inactivated rTNF,1
mlâ1,1
intracellular Gag,1
Larus fuliginosus,1
aqueous virus,1
intracellular cAMP,1
primum,1
cytoplasmic basophilic botryoid,1
blood serum specimens,1
corona virusâMERS-CoV,1
lâagrÃ©,1
fecal sIgA,2
Serum Î±1-acid glycoprotein,1
Serum AGP,1
serum triiodothyronine,2
EURICANÂ®,1
peripheral blood neutrophils,1
blood 1,1
peripheral blood pDCs,1
Oral corticosteroids,1
Flos Lonicerae,1
serum EBOV-neutralizing antibodies,1
serum EBOV-neutralizing antibody,1
ser empleadas,1
agro-industrial wastes,1
agro-industrial WaW,1
Oral Indomethacin/Paracetamol,1
oral prednisolone/acetaminophen,3
oral indomethacin/acetaminophen,3
Peripheral Nerve,1
Serum pancreatic lipase,1
serum canine,1
peripheral blood IgG+CD22+ B cells,1
anti-HRPO MAb,1
1â2Ã104 Mâ1,1
Serum immunoglobulins,1
peripheral blood CD4,1
sub-cutaneously,1
crude oil,1
lavage broncho-alvÃ©olaire,1
intratracheal/intramuscular,1
