TISSUE,frequency
tissue samples,59
interstitial,17
broncho-alveolar lavage,1
tube,101
lung tissues,56
smooth spherical,1
stem structures,1
tea,4
teas,1
green tea,5
bronchoalveolar lavage fluid,61
extra stem,3
nasopharyngeal secretions,9
immune organ,1
airway mucus layer,1
smooth,15
flexor sheath,1
tissue,1229
tangential,4
tissues,827
blastocyst,2
pulmonary alveolar epithelium,1
tail,5
non-lymphatic,1
hepatoma/non-hepatoma liver tissues,1
articular cartilage,3
cartilage,21
Lung epithelium,1
lung epithelium,6
barrier,68
epithelium,94
airway epithelium,36
tracheal epithelium,14
species barrier,4
cuprizone,7
eosinophilic infiltrates,1
tracheobronchial aspirates,1
extrapulmonary sites,3
tracheobronchial lavage,1
eustachian tube,9
fat tissue,1
inner,36
synovium,3
fat,81
articular tissue,1
articular tissues,1
lymphoid tissues,77
pulmonary epithelium,4
mucosal surface,5
nasal turbinates,16
FMD viruses,2
skeletal muscle,43
tibialis anterior,2
needle,10
nodes,64
Cancer Stem-Like,1
alveolar,32
bronchoalveolar lavage samples,5
seminiferous tubules,1
adult seminiferous epithelial cells,1
cochlear lateral wall,1
tissue homogenates,5
muscle tissues,2
Reticulovesicular Network,1
cryofixed,1
Haemolymphatic Tissues,1
haemolymphatic tissues,3
lymphatic tissue,2
lymphoid organ,4
bronchioalveolar lavage fluid,1
tracheal aspirates,10
yellowing veins,1
withered leaves,1
lung tissue,136
perivascular,15
brain parenchyma,5
plaques,76
normal tissues,19
tumor tissues,8
thyroid tissue,1
nasal epithelium,26
smooth muscle,11
embryonic tissues,1
bronchoalveolar lavage,59
root explants,1
callus,1
tumor neovascular endothelium,1
vascular endothelium,13
ciliated epithelium,11
Airway Epithelium,2
CF airway disease,3
CF airway epithelium,1
airway surface epithelial cells,1
CF human airways,1
connective tissue,16
walls,15
sewage,3
tuber,2
stele,1
xylem,3
endothelium,39
extract,88
bronchus-associated lymphoid tissue,4
placental,7
vascular tissues,3
Alveolar epithelium,1
alveolar epithelium,21
alveolar walls,6
Tissue proviral,1
nasopharyngeal swab samples,4
bronchial epithelium,12
ocular conjunctiva,2
Bronchoalveolar Lavage,5
BAL samples,21
dermal,10
punch biopsy material,1
nasopharyngeal swab,39
endothelial tube,1
Extrapulmonary tissue,1
extrapulmonary tissue,1
PAMs,55
sheath,1
nasopharyngeal swabs,80
shell,18
normal tissue,11
brain tissues,23
blood-brain barrier,1
elastic fibers,1
capillary,59
graft,76
Embryonic inner ears,1
inner ears,4
Lung tissue,6
endothelial layer,1
endothelial barrier,1
fibrillar plaques,1
sternal bone marrow cells,1
soft tissues,3
alveolar surface,1
solid organ,13
ampullae,1
Reissner,1
seed coat extract,1
seed coat water extract,1
seed coat extracts,1
kidney tissues,13
tracheal tissues,8
bone,149
adipose tissue,14
alveolar infiltrates,3
alveolar capillary,2
multiple connective tissue,1
Cartilage,3
lymphoid organs,13
host tissues,20
thymus tissues,1
mammary epithelium,1
lymphoplasmacytic interstitial,1
iron-positive,1
brain tissue,61
SM,5
tissue sections,23
solid microneedle patches,1
epithelia,40
microvascular,6
Microvascular,3
diseased tissues,8
mucosal tissues,26
smooth single-membrane tubules,1
tubular single-membrane structures,1
multilamellar structures,1
tissue virus,3
host tissue,6
nasal aspirates,4
brain tissue samples,1
tissue sites,1
tissue specimens,7
tissue proviral,1
vesicular structures,6
Tissue,49
fibrous connective tissues,1
bronchial alveolar lavage fluid,1
adipose,5
uninvolved skin,4
seeds,1
pulmonary infiltrates,30
ocular surface,5
ocular tissue,3
nasopharyngeal swab specimens,7
parenchymal,13
conjunctival swabs,8
Airway Epithelia Alcohol,1
Airway epithelial,1
neural tissues,4
myocardium,17
myocardium specimens,1
Contact network,1
Lung Tissue,3
breast milk,11
droplet,52
bronchiolar lavage,1
intestinal tissue,15
one-micron,2
nasogastric tube,2
SupraÂ­molecular layers,1
Capillary,7
B samples,1
atherosclerotic walls,1
aortic wall,2
organ tissue,2
network,19
C/D recombinants,1
cardiac tissue,8
peri-infarct,1
epi,1
zone,2
placental CD163(+,1
egg yolk antibodies,3
barrier precautions/personal,1
bud,10
Tonsillar Tissues,1
tonsillar tissues,2
tonsil tissues,1
palatine tonsils,5
non-lymphoid tissues,5
FM,2
CNS neutrophil,1
multiple tissues,11
Undifferentiated Connective Tissue,1
secretory bronchiolar epithelial cells,1
TBs,1
vascular network,2
sub-epithelial smooth muscle layer,1
E12.5 mesenchyme-free,1
epithelial buds,1
mesenchyme,1
Cardiac Exon,1
non-skeletal muscle tissues,1
biofilm,27
RVP,30
Cardiac Allograft,1
Allograft,1
cardiac allograft,1
Renal Tissue,1
renal tissues,2
renal tissue,3
alveolar septa,8
Tubular structures,2
bronchoalveolar lavage fluids,8
oat tissue homogenate,1
extra-mucosal tissues,1
Intracellular fat,1
Eustachian tube,6
epithelium-rich tissues,1
biopsy tissue,1
epithelial,32
ectodermal organ,1
ectodermal organs,1
mucosal sites,11
alveolar epithelial,5
cardiac tissues,2
peribronchovascular,5
liver tissue,28
nasal-associated lymphoid tissue,2
CND,1
normal colorectal mucosa specimens,1
nontumorous mucosa tissues,1
histodifferentiation,1
alveolar epithelial surface,2
alveolar immune,1
inner membrane,8
Macular,2
macular,14
ciliated ependymal,1
ependymal cilia,1
ependymal ciliary,1
NP swabs,2
NP samples,4
bloodâbrain barrier,33
brain microvasculature,3
palatal epithelium,2
fetal tissue,3
muscular tissues,1
sub-epithelial,1
bronchial epithelia,3
renal tubules,6
grafts,27
subcutaneous tissue,5
outermost skin barrier,1
cumulus oophorus,1
peel,2
CF Framework,1
CF framework,1
smooth muscles,1
nonmuscle tissues,1
joint tissues,1
Soft Tissue,2
Bone,5
Tissue Parasite,1
granulomatous tissue homogenates,1
inner lipid layer,1
tissue-like,3
nodular infiltrates,1
lamina propria,44
Lethal,1
cecum tissue,1
tissue suspensions,6
Vesicular,1
Host Intracellular,1
subendocardial,1
myocardial tissues,6
heart tissue,4
subepicardial tissue,1
subchondral,3
cartilage layer,1
tracheal organ cultures,8
epidermis,2
dermis,5
hippocampal tissue,1
glandular venom,1
gland tissue,1
columnar epithelia lining,1
CNS parenchyma,14
glia limitans,2
postmortem tissue,1
bark,2
droplets,4
sensory ganglia,2
medulla,1
milk-filled stomachs,1
colonic tissue,2
adult tissues,8
lymphoid tissue,34
organ explants,3
small airways,5
peribronchial cuffing,1
nasal swab specimens,2
skin tissues,1
area tissues,1
subepicardial,2
midwall,1
nasopharyngeal aspirates,13
plaque-based,2
peels,1
inner capsids,1
adult tissue,2
germ layers,7
COPD airway microbiome,1
skeletal muscle tissues,1
layer,10
inflamed tissues,5
necrotic tissue,1
vascular vessels,1
ciliated pseudostratified columnar epithelium,1
jejunal epithelium,2
sciatic nerve,13
muscle tissue,1
small-world,3
solid organ transplant patients,2
Bronchoalveolar Lavage Fluid,2
RPE,39
CNS compartment,4
synovial,5
synovial tissue,4
non-cancerous tissues,2
ANCT tissues,1
eosinophilic airway inflammation,2
OVA-induced airway,1
host body,1
olfactory neuroepithelium,4
neuroepithelium,2
exuded,1
lymphohistiocytic interstitial,2
perivascular lymphoid cuffs,1
edematous vascular sheath,1
perivascular lymphoid cuffing,1
proteoglycans,1
Neural tube,1
mesenteric lymph nodes,32
mucosal barrier,8
mucosal tissue,8
saikosaponins,1
solid surface,5
Tumor Tissues,1
Tubular,1
inner lumen,1
tubular membrane,1
naÃ¯ve piglets,2
NP segment,1
nasopharyngeal-associated lymphoid tissues,1
ICM,2
FT1DM islets,1
colon tissue,4
liver tissues,17
Monomolecular,1
OFSCs,1
NW samples,2
mammalian tissues,3
Pulmonary vascular,1
non-lymphoid organs,1
organ tissues,7
sputum/tracheal aspirates,1
Adenoid Tissue,1
adenoid tissue,6
Intestinal Bacterial,1
Inner,1
extracellular airway,1
foreskin tissue,2
Foreskin tissue samples,1
foreskin tissue samples,1
foreskin epithelium,1
genital epithelial barrier,1
breast tissues,2
tissue cyst,1
endothelial tissues,1
CTEPH tissues,1
Lung tissue biopsy,1
trabecular,4
submucosa,1
gut epithelium,4
epithelia-rich tissues,1
airway epithelial,9
lung parenchymal compartments,1
airway tissue,3
OVA-challenged airway subepithelium,1
Mucosal Tissue CD200,1
neural projections,1
cerebral microvessels,2
pharyngeal tissues,1
LVS,1
epithelial-endothelial barrier,1
Host Tissue,1
single-layer networks,1
single-layer,2
cancer tissue,2
extra-intestinal tissues,3
tubular,17
tubuli,1
mesothelium,1
LPMs,21
lung tissue samples,5
Lung lavage,1
seed,4
subpleural,13
foamy alveolar macrophage,1
subcortical,4
ileum tissue samples,1
IFN-Î²-inducing,3
tissue triglyceride,1
cardiac PPARÎ±,1
CF respiratory tract,1
CF,4
loosely-packed,1
host veins,1
Tube,2
subchondral bone,2
Lipid,1
acini glandular architecture,1
mammary tissue,3
vascular cuffing,2
Tracheal tissue,1
tissue extracts,3
symptom-triggered nasal swabs,1
peribronchial,6
Perivascular infiltrates,2
perivascular tissue,1
mucosal secretions,5
hepatic tissue,2
LCH tissues,1
inner membrane vesicle,1
CNS tissue,6
finger-tip capillary lactate,1
extraneural tissues,1
egg yolk,7
skin graft,6
aortic plaques,1
endometriotic tissues,2
endometriotic tissue,1
endometrial tissue,1
layers,10
snout epithelium,1
pulmonary microvasculature,1
microvessels,4
Air-Liquid Interface,1
alveolar edema,6
osteophyte,1
FMD vaccines,1
epigoitrin,11
woad root extract,1
normal kidney tissue,1
neuronal tissue,4
cardiac,5
CNS tissues,7
Ocular Epithelium,1
epithelial layers,1
swabbed,1
Airway Smooth Muscle Cortex phellodendri,1
airway smooth muscle (ASM),2
airway smooth muscle in tracheal rings,1
capillary zone,3
SEM,2
midgut epithelium cells,1
tracheal organ culture,3
Extract,1
intestinal tissues,13
seed samples,1
Cybercare network,1
host epithelium,2
tubules,22
Lymphoid Tissue,3
endothelial venules,3
wounded skin,2
NP swab,2
intestinal epithelial barrier,1
tracheal explants,1
Tracheal explants,1
tissue architecture,1
mucosa explants,2
LN FRC network,1
pulmonary alveolar proteinosis,1
lungâpredominantly pulmonary alveolar,1
neural tube,6
intralobular,2
interlobular septal,1
inner layer,1
macromolecular components,2
soma,4
Contact Network,2
nasopharyngeal tissues,3
intrapulmonary airway epithelial cells,1
bladder epithelium,1
sectoral,7
fibrotic interstitial,1
stem-cell,1
wall,10
skeletal muscle inflammation,1
Tissue Practices,1
trabecular meshwork,2
trabecular meshwork exosomes,1
explants,6
triaditis,3
RDPs,1
necrotic area,7
alveolar-interstitial infiltrates,1
non-tumorous liver tissues,1
tumor tissue,6
Tumor tissue,1
tissue structures,1
vaginal tissue,1
spleen tissues,3
tracheal mucus,1
SSM,1
cardiac muscle,3
dystrophic,2
harderian,1
glandular tissues,1
jejunum tissues,1
ocular conjunctival swabs,2
macromolecular,1
L. japonica,2
shoot apex,1
intestinal epithelium,38
necrotic bone,1
ear lobes,1
Brain Tissue,2
immune organs,1
tonsillar virus,2
small intestinal epithelial barrier,1
alveolar TNFÎ±,1
airway smooth muscle,4
tumorous tissues,1
NSCLC tumorous tissues,1
nasopharyngeal lavage,2
fibrovascular stroma,1
eIF3Î·.,1
e.i,1
Alveolar Ion,1
polar epithelial intestinal cells,1
ciliated airway epithelial cells,3
Embryonic,1
embryonic skeletal muscle,1
ellipsoid zone,1
ileum tissues,1
osteocyte lacunae,2
LN stroma,1
Rosa,1
exudate,3
granulation tissue,3
epicardium,2
capillaries,13
F.,1
Lephart,1
F. Ceia,1
cardiac ICU A.,1
glomerular,6
extra corporeal membrane,1
eggshell,2
shell gland tissue,1
Glomerular,1
nonlymphoid tissues,5
Oviduct Explants,1
osteonecrotic femoral head,1
Bone tissue samples,1
osteonecrotic femoral heads,1
thin-walled,3
SAT,5
inner surface,5
adenocarcinoma tissue,2
foetal,1
uterine wall,1
Airway epithelium,1
airway epithelial barrier,4
RSV-induced epithelial,1
placental barrier,5
fetal tissues,9
extraocular exudates,1
somatic tissues,3
fecal/intestinal samples,1
Host Tissues,1
pulmonary myocardium,2
muscular coat,1
lymphoplasmacytic infiltrates,1
periventricular parenchyma,1
small intestinal villi,3
Nasopharyngeal Aspirates,3
organoids,8
connective tissues,2
soft tissue,12
shell gland samples,1
renal tubular epithelia,1
non-host superkingdoms,2
small intestine explants,1
intestinal organoids,4
vesicular organelles,1
spherules,4
dopaminergic neurons,1
tracheal lavage fluid,2
nasopharyngeal swabs specimens,1
Normal epithelial,1
trachea cricoid cartilage,1
pulmonary lymphoid follicles Nonspecific interstitial pneumonia,1
barrier epithelial,1
LBM,1
high fat diet-induced,1
visceral adipose tissue,1
epididyotic adipose tissue,1
embryonic skeletal,1
green tea catechins,1
Root extract,1
exposure-risk,2
cancerous tissues,3
collateral,3
inner canthi,1
mammalian skin,4
non-pulmonary organs,1
layer flocks,3
ear canal swabs,1
ear canal,2
nasopharyngeal microbiome,1
kidney tissue,4
Renal Microvascular,1
subcutaneous fat,2
mucosal epithelium,6
superficial epithelium,2
Intestinal Epithelia Mammarenavirusesare single-stranded,1
epithelial tissues,6
intestinal epithelia,2
tubes,2
tuber tissues,1
CF animal,1
PVs,1
spleen tissue,1
pulp,12
non-malignant tissues,1
Inner ear,1
tau-FITC,1
placental structures,1
inflammatory tissue,2
UVB-induced skin,1
nursesâ hand,1
mucosal epithelia,9
testicular sperm,1
normal intestinal microbiota,1
mucosal compartment,1
follicle-associated epithelium,3
spinal cord neurons,1
airway organoids,4
smooth surface,1
Lactation,2
nasopharyngeal epithelium,2
RVC,2
small tubules,1
villus height/crypt depth,1
larval tissues,3
tracheal swabs,9
superficial,2
solid organ transplants,6
ferret tissues,1
egg layer flocks,3
oviduct tissues,1
ileal epithelium,1
epithelial tissue,2
PSCC tissues,1
cancer tissues,3
Skeletal Muscle,3
nasal swabs,2
corneal epithelium,3
tracheal virus,2
granular electrodense,1
Blood-Brain Barrier,4
plantar fascia sheath,1
Placental Tissues,1
placental tissues,5
third-trimester placental tissues,2
Placental tissue,2
tissue specific/,1
adipose depot,1
articular surface,1
atheroma plaques,1
entry-wise,1
uterine tissue,1
embryogenic callus,1
embryogenic,1
non-mucosal tissues,1
oft-fatal brain,1
airway immune system,1
airway immune residents,1
adenotonsillar tissue,2
tumor-adjacent normal tissues,1
CNS viruses,1
small intestine epithelial cells,1
nasal lavage,3
nasal mucosal tissue explants,1
Liver Tissue Host cell membrane,1
sensory neurons,12
Silver Nanoparticles,2
airway epithelia,19
collagen-dense tissues,1
BNP cows,1
gastric tissue specimens,1
cecal tissue specimens,1
muscle tissue exudate,1
contractile sheath,1
gill tissues,1
tissue lesions,5
olfactory bulbs,4
buccal swabs,3
liver tissue sections,3
BCC tissues,1
tail-hair follicle samples,1
buccal swab,2
tissues samples,3
HCC tissues,2
eel kidney,1
epithelial-like tissue,2
mammalian inner ear,1
hypervascular tissue,1
tracheal swab,1
tracheal,3
vesicular stomatitis virus,8
eosinophilic airway inflammatory,1
pulmonary interstitial fibrosis,1
Lung Barrier,1
alveolar barrier,3
extra-hepatic organs,1
anterior,1
posterior cervical nerve roots,1
mammalian placenta,1
petiole,1
neural,1
egg-shell,1
eschar swab,1
metastatic tissues,1
peribronchial neutrophil,1
CF airway milieux,1
CF airway milieu,1
temporomandibular joint,5
TMJ area,1
condylar zone,1
muscle tissue extracellular matrix,1
Traffic Network,1
bronchoalveolar lavage cytology,1
ward-regular bed,1
alveolar bone,2
GfCoV tissue,1
post-capillary venules,1
skull bone marrow,1
host mucus Influenza A virus,2
pulmonary acinus,1
microbiota,1
colon tissues,3
FMD virus,9
Canalicular,1
cervical tissues,3
epithelial layer,6
cervical epithelium,1
seed virus,2
brain endothelium,1
mucus,1
microvascular vessel pathology,1
RAA,2
Bradyrhizobium,1
myocardial tissue,7
intestinal crypts,5
enteroids,4
airway smooth muscle hypertrophy/hyperplasia,1
subepithelial,3
Lymphoid Tissues,2
eye-associated lymphoid tissues,1
conjunctiva-associated lymphoid tissues,1
conjunctiva epithelium,1
FFV tissue,1
meningeal,3
tissue/cells,2
virus/human/animal network,1
tissue immune,1
frozen tissues,2
contact network,4
splenic marginal zone,1
small intestine villi,1
porcine-derived,1
network nodes,3
Testicular Tissue,2
testicular tissue,4
ZIKV-induced testicular tissue,1
epithelial barrier,10
subepithelial corneal infiltrates,1
gut epithelial barrier,1
chitinous peritrophic matrix,1
midgut epithelium,1
Adipose tissue,2
graft tissues,1
mucosa epithelia,1
sub-G1,1
Extra Villous Trophoblast,1
Grafts,1
mesenteric lymph node,6
Tissue samples,8
tonsillar swabs,1
LAV,3
small intestinal epithelial cells,2
tonsillar immune,1
tonsil tissue,3
fibrosing interstitial lung,1
silver,1
retinal pigmented epithelial cells,1
multilobular infiltrates,1
supramolecular structures,2
nasal lavage fluid,1
GI barrier,1
Kidney Tissue Infectious bronchitis virus,1
ciliated epithelial layer,1
microparticles,4
dLN,1
mini-bronchoalveolar lavage,1
marginal zone B cell,1
mammalian gut,1
medial turbinate epithelial cells,1
Cord Separtion,1
pleomorphic enveloped viruses,1
scale-free network,3
chest tube,1
host network,1
Airway Epithelium Respiratory virus,1
air-liquid interface,2
nasopharyngeal swab suspensions,1
HCoVâhost subnetwork,1
edematous alveolar airspace,1
endotracheal tube,11
endotracheal aspirates,5
Peribronchial,1
perihilar peribronchial thickening,1
Perivascular cuffings,1
inner loops,1
perivascularly,2
myelinated axons,1
Brain tissue,3
parenchymal vessels,1
meningeal infiltrates,1
plastic-embedded,1
remyelinated axons,1
Olfactory neural,1
nose,3
granular layer,4
subperiosteal bone hyperplasia,1
Bacillary tubules,1
Cartilage Hair,1
cartilage hair,1
groundnut bud,1
OVA-induced airway inflammation,1
barrier colony,1
intestinal enterocytes,3
star-shaped surface,1
kidney tissue specimens,1
inner membranous sac,1
evaginations,1
villi,4
Fallopian tube,1
skin grafts,4
tracheal organ cultures Organ cultures,1
villous epithelium,4
intestinal lamina propria,2
chick-embryo ciliated tracheal organ cultures,1
ileal tissue,1
tissue explants,3
lymphoid tissue explants,1
absorptive tissues,1
iridovirus,1
gut-associated lymphoid tissue,9
parenchymal organs,1
hippocampal,1
lymphoidal tissues,2
breast epithelium,3
normal' breast epithelial line MCF10F,1
bronchial smooth muscles,1
egg,4
RPEC,2
retinal tissue,2
gastrocnemius muscle,2
gastrocnemius tissue,3
phytohemagglutinin skin,1
PHA-injected tissues,1
PHA-injected tissue,1
Tissue Bank/BRTB,1
tissue banks,2
amnion,1
soft tissues allografts,1
endocrine tissues,1
sensory nerve,1
nose tissue,1
ductal tree,1
alveolar buds,1
connective tissue edema,1
pial,1
marginal zones,2
Ranvier PNS-type myelin sheaths,1
scalar,6
curling,1
tomato tissues,1
ductular epithelium,2
ethmoid bone,1
nasopharynx-associated lymphoid tissue,2
neopallium,1
nervous tissue,4
structure-ligand,1
tissue biopsy,1
Solid Organ,3
Rheum palmatum,3
masseter muscle,3
glial limitans superficialis,1
brain meninges,1
plexus choroid,1
cortex layers IVâVI,1
colon tissues isolated,1
Rheum palmatum methanol,1
cap structures,5
strawberries,2
musculoskeletal tissue,1
airway smooth muscle cells,2
epithelial airway,1
airway epithelial culture,1
glomerular layer,2
OB tissue,1
tissue tropism(1,1
SSPE tissue sections,1
brain endothelia,1
extralymphatic organs,1
extralymphatic epithelia,1
hepatic sinusoids,3
capillary endothelium,2
KD tissues,1
vascular endothelial,1
intestinal surface enterocytes,1
small intestinal surface enterocytes,1
Mucosal tissues,1
embryo tissues,2
explant,4
SST epithelium,1
SST explants,1
extra-embryonic peritoneal sac,1
RVFV-glycoprotein-bearing vesicular stomatitis virus pseudotype,1
interfollicular epithelium,2
cortico-medullary capillary,1
Dioxin-Like,1
blood-ocular barrier,1
airway epithelium cell line Calu-3,1
Tracheal aspirates,1
body tissues,3
irregular surface,1
TBK1/IKKÎµ.,1
Bronchoalveolar lavage,3
egg layer,1
Solid Organ Transplant Recipients,1
trophic,5
Barrier,4
bronchoalveolar lavage fluid specimens,3
medial,4
tympanostomy tube,1
brain mesenchyme,1
Throat swabs,1
inner controls,2
C terminal,3
muscle fibers,2
tibialis anterior muscle,3
nonâlymphoid tissue,1
host intestinal mucosa,1
neutrophil infiltrates,1
CF sputum,2
tissue biopsy specimens,1
Myometrial,1
endometrial stroma,2
stroma,3
mesenchyma,1
Cardiac Inflammation,1
seminiferous tubule,1
interstitial tissue,2
seminiferous epithelium,1
luminal epithelium,1
Lung tissues,2
lamina propria SEB,1
Nasopharyngeal Secretions,1
Olfactory Epithelium,1
olfactory epithelium,11
sensory neuron,1
PC steers,1
Bronchial Epithelium,1
bronchial epithelium MethodsTo,1
ciliated bronchial epithelium,1
blood-brain barrier endothelium,1
perivascular cuffing,9
brain ependyma,1
steers,1
Olfactory System,1
vascular wall,3
neoplastic tissues,1
wax-embedded tissue,1
Vascular endothelium,1
visceral tissue,1
layer pullets,1
Covid-19 virus,1
endocardial,5
HumanâAnimal Interface,1
formalin-fixed tissues,6
Airway Epithelia Cystic fibrosis,1
spore,1
sprayer,1
sweetness,2
lung tissue virus,1
nasal tissue,4
alveolar capillary barrier,1
immune tissues,2
Biofilm,1
inner HR1,1
posterior tissues,1
visceral yolk sac,1
non-posterior tissues,1
endochondral,3
ocular tissues,3
lens epithelia,1
sprout,1
cardiac glycoside convallatoxin,1
hypoxic tissues,1
Alveolar Macrophage,1
alveolar macrophage,5
periodontal tissues,4
CNS virus,4
neuroimmune network,1
sciencesâstatus,1
tubular compartments,1
CF lung,7
CF ferret lung,1
CF animals,1
Fukuoka viruses,1
salmon tissues,1
Multiple Tissues,1
Species Allograft inflammatory factor 1,1
WHO network,1
microvasculature,2
inner ear,1
interdental,1
mammalian cochlea,1
Wheat streak,2
viridis liver,1
necropsy tissues,1
Tissue Culture,2
elastic network,4
dystrophic muscle,1
inner mitochondrial membrane,4
hypertrophic cartilage,1
trabecular bone,3
hematopoietic tissues,3
tissue grafts,4
basilar dendritic spines,1
network (RN)-powered,1
bronchoalveolar lavage fluid at,1
JM-4-induced tissue,1
vascular barrier,1
L.,1
germinal centers,1
meningeal lymphatic,1
solid organ transplant,6
Potatoes,1
inner periphery,1
villous enterocytes,8
mammalian secretory,1
intima,1
vessels,1
inner leaflet,5
germarium,1
ovalbumin-induced airway inflammation,2
barrier epithelia,1
postmortem tissues,3
pulmonary tissue,7
tubular structures,6
ocular microvessels,1
bream virus,3
extrapulmonary specimens,1
Tail,1
CNS compartments,1
villus,3
arteriolar vascular smooth muscle cells,1
bronchiolar airway lumens,1
bronchoalveolar lavage specimens,4
duct epithelial,1
liver tissue slices,1
Liver tissues,2
spin columns,2
inner leaflets,2
ToA,1
pulmonary endothelium,5
skin allografts,4
allografts,4
broncho-alveolar lavage fluid,2
CS nanoparticles,1
nonâhaematopoietic tissues,1
obliterative airway disease,1
macrophage infiltrates,1
root tissues,1
tissue compartments,2
tissue compartment,1
epithelium tissue,1
tumour-associated vessels,1
mucosal compartments,1
vessel endothelium,1
bronchus-associated lymphoid tissues,1
blood-brain-barrier,2
slice,1
villus epithelium,4
granular material,1
paraffin-embedded tissue,3
CF airways,3
IFITM-3,1
nasopharyngeal material,1
BBB components,1
small-world network,6
Flanders virus,1
uniocular anterior chamber (AC),1
Mucus Barrier Mucus,1
mucus barrier,1
inner tegument layer,1
extrapulmonary virus,2
lung tissue specimens,1
nonciliated bronchial epithelium,1
neuritic plaques,2
B-cell ontogenies,1
AM epithelium,1
muscular dystrophic,1
convoluted seminiferous tubule,1
alveoli-like structures,1
Graft,3
airway specimens,1
invaded tissues,1
spring-loaded,1
tracheobronchial tissue,1
tracheobronchial tissue cultures,1
macromolecular structures,2
extrapulmonary tissues,3
lungâassociated tissue,1
airway lavage fluid,1
extrapulmonary organ,5
extrarespiratory organs,2
ecto-cervical tissue,1
PVS,1
triangular,1
ISV,1
muscularization,2
subventricular zone,1
peribronchiolar mononuclear,2
modelâthe network,1
viroplasm-specific vNSP2,1
nonprimary immune,1
Airway epithelial barrier,1
turbinate tissue homogenate,2
overt mucus,1
CNS endothelium,1
tail tube,1
ginseng,1
mucosal epithelial,3
tracheal airway,1
hypertension-induced end-organ,1
squamous epithelium,1
esophageal epithelia,1
mantle cavity,1
skeletal muscle TG,1
adipose tissues,2
endotracheal tube samples,1
ciliated epithelial ultrastructure,1
WC walls,1
vesicular stomatitis viruses,2
hyperplastic crypts,1
crypt epithelial hyperplasia,1
vesicular spherules,1
inner spherule membrane,1
extrapulmonary organs,1
HumanâAnimal Interface,1
airway tissues,2
intrapulmonary airways,1
CNS vasculature,2
small droplets,1
Ileum Tissue Resected,1
NEC tissues,1
bronchiolization,1
neural tissue,2
sfRNAs/xrRNAs,1
alveolar epithelia,6
alveolar lining fluid (,1
Formalin-Fixed Paraffin-Embedded Tissues,1
pulmonary tissues,2
tongue epithelial samples,1
facial tissues,5
facial tissue,1
bract,1
small bronchiolar airways,1
nasopharyngeal swab FARP,1
pressure-overload-induced left ventricular,1
mucosal microbiome,1
normal intestinal flora,2
CNS nerve axons,1
bronchoalveolar lavage fluid samples,3
cross-sections,1
skeletal muscle IRE1Î±,1
non-lamellar,1
acellular,2
appendix tissues,1
splenic tissue sections,1
peripapillary superficial,1
peripapillary area,1
mesenteric LN tissues,1
icPC22A virus,1
Lymphoid Organs,1
parabronchial tissue,1
RVC NSP4s,2
tracheal tube,1
Multiple tissues,1
capillary blood vessels,2
vast network,1
sinusoid,1
epithelial ultrastructure,1
nasal,2
cremaster muscle arterioles,1
thrombi,3
granulomatous tissue,1
cardiac systolic,1
atherosclerotic plaques,2
aortic root,1
cortical tissue,1
bowel tissue,1
small airway epithelium,1
CF airway,2
normal lung tissue,1
normal airway epithelia,1
bronchospheres,1
lamina propria T cells,1
lymphoid sites,2
glomeruli,3
small airways epithelium,1
intercellular nanotubes,2
hematopoietic organs,2
conjunctival,1
Tissues,3
oncolytic-virus,1
perivascular infiltrates,3
meninges,1
solid organs,4
limbal conjunctival autograft,1
pterygial,1
fibrovascular tissue,1
lymphoid periphery,2
non-lymphoid compartments,1
mesenchymal stroma,1
alveolar type-2-,1
alveolar fluid,4
inner nuclear membrane,10
granular structures,1
Extra-articular cartilage,1
cartilaginous joints,1
extra-articular tissues,1
extra-articular cartilage,3
tracheolaryngeal cartilage,1
nasal cartilage,2
EZ1,1
mammalian blastocyst,1
parenchymal CD4(+,2
irregular microvilli,1
small plaques,4
Airway epithelia,1
placental vasculature,1
fetal,4
tissue immune pathology,1
CNS Tissues,1
notochord,1
noncancerous tissue,1
sympathetic nerve,1
peribronchial lymph node,1
teased,1
thymic tissues,1
HNSCC tissue,1
dermal layers,1
electrode needle,1
neoplastic tissue,1
glandular epithelium,1
inner axonal,1
alveolar lavage material,1
marrow,5
marrow grafts,3
Enterococci,2
immune organoids,1
inner envelope membrane,3
fibrous connective tissue,2
nonrespiratory tissues,1
suprabasal epidermis,3
enteric ganglia,1
periventricular germinal layer,1
periventricular microvasculature,1
immune periphery,1
detrusor smooth muscle,1
multinodular interstitial,1
mucosal epithelial surface,1
vascular structures,1
vascular tubes,1
OS tissues,2
non-tumor tissues,2
placental villous surface,1
trophoblast layer,1
intestinal epithelial,5
ileal enteroids,1
post-mortem tissue,1
nerve tissue,1
tracheobronchial lymph nodes,2
septal wall,1
Small segments,1
inflammatory-cell,1
nodular pancreas,1
Adult Tissues,1
Beef,1
Lung Tissue Inflammation,1
Molluscum Contagiosum,1
Neutrophilic Airway Inflammation,1
gastrocnemius muscle â,1
bronchioalveolar lavage samples,1
Alveolar organoids,1
alveolar organoids,3
skeletal musculature,1
cecal tonsil tissue samples,1
Carbon nanoparticles,1
squirrel tissue,1
egg yolk immunoglobulin,6
leaf tissues,2
flowers,2
stolon,6
leaf explants,1
sub-pleural focal,2
snowflake,1
shoot,1
stomatal,2
FNEs,2
Globe,1
ensiled tissue,1
conjunctiva,1
subepithelial infiltrates,1
pulmonary capillary,1
bloodâspinal cord barrier,1
spinal neurons,1
BSCB,1
alveolar parenchyma,1
SPC,1
vaginal epithelial,1
three-layer circular,1
Airborne Microorganisms,1
TMJ structures,1
cantilevers,1
endodermal,1
centrilobular alveolar spaces,1
bronchiolar walls,2
endophyte,2
fluids,1
tissue edema,2
Liver Viruses,1
Intestine Tissues Turkey coronavirus,1
intestine tissues,2
avascular bone,1
solid capsid shell,1
nerve fibers,3
thoraxwand Aet,1
extravascular bone marrow lipid,1
extra-solar,2
Solid organ,1
small seeds,1
micropropagation,1
FFPE tissues,6
spongy,1
airspace,1
stromal tissue,1
enamel,1
maternal-fetal barrier,4
neonatal tissues,2
postcapillary venules,1
CNS lymphatics,1
leptomeningeal infiltrates,1
somatic fetal,1
Lamina cribrosa,1
seed âKim,1
TSM,1
trophic networks,1
ear buds,1
nano-antimicrobial,1
Cardiac,2
parenchymal ECM,1
one-mode networks with,1
multi-mode networks,1
membranous bronchioles,1
glandular trichomes,1
Cymbidium,3
structures like nanofibers,1
occipito-atlantoaxial,1
solid organ transplant recipients,1
endocardium,2
gut-associated lymphoid tissues,3
nasal mucous membrane,1
Arch Otolaryngol Head Neck Surg 128(5):583â5,1
pleural,5
subpleural area,6
interlobular septal thickening,3
crypt,1
ethmoid turbinates,1
anteromedial,1
mesoaccumbens nerve,1
visceral lymph nodes,1
paracortical,1
parathyroid tissue,1
sclera,1
biliary epithelial hyperplasia,1
lamina propria lymphocytes,1
endocrine organs,2
paraffin-embedded tissue sections,1
archival intestinal material,1
archival tissue,1
inner cytoplasmic leaflet,1
striated muscle,3
cardiac myocyte,1
isolated tissues,1
lymphoreticular tissues,1
hemolymphatic tissues,1
Lipid Nanoparticles,1
pulmonary tissue extracts,2
scrotal epidermis,1
epididymal adipose connective tissue,1
alveolar exudates,1
bronchiolar epithelium,4
fat milk replacer,4
alveolar architecture,1
endometrial,1
smooth muscle fibers,1
post-mortem tissues,1
organ tissue samples,1
trabecular architecture,1
normal pituitary tissue,1
nasal mucus secretions,1
trasplante,1
jejunum tissue,1
carcass,1
Longissimus thoracis muscle,1
focal lung,1
peri-tumour tissue,1
bronchial-like tissues,1
corneal epithelial,1
corneal graft,1
facettes,1
germinal epithelium,1
small intestinal epithelial crypts,1
Placental Extract,1
placental extract,1
lacunae,1
epicardial,1
synovial fluid,2
osteoblastic bone,1
tear,3
conjunctival secretions,2
e1-e2,1
interstitium,1
bronchoscope-guided tracheal,1
bronchoscope-guided endotracheal,1
placental tissue,2
Liver tissue,2
egg yolk immunoglobulins Emery Daryll A,1
âtissue-specific,1
elsevier,6
carcass condemnations,1
ozone-induced epithelial,1
skeletal muscle myotube,1
placental syncytiotrophoblast,1
syncytiotrophoblast,1
sensory nerves,2
mucosa-associated lymphoid tissue,3
pollen,2
Leaf,2
intestinal brush border,1
LCM,1
nonlymphoid organs,2
neural structures,1
gas-exchanging surface,1
Macular edema,1
bloodâretinal barrier,1
macular edema,1
neural sites,1
ocular surface squamous carcinoma,1
Extracellular,1
Cord Blood,1
tissue donors,1
mucosal airway epithelial cell,1
Eustachian Tube Mucosal Immunology,1
tapetum,1
cone,1
orbital walls,1
frontal bone,2
invade tissues,1
bodily tissues,2
torus,1
Pulp,1
mucosa-associated lymphoid tissues,1
valve,1
capsular,3
tissue polysialic,1
yolky oocyte,1
nanotube walls,1
cancerous tissue,1
Allograft Tissue,1
Allograft tissues,1
osteochondral allografts,1
allograft tissue,2
peridontal tissues,2
gingival tissues,1
microcantilever structures,1
micro-organisms,1
exudations,1
wasabi,2
Small Intestines,1
scaffold-free,1
Alveolar Epithelium,1
cardiovascular grafts,1
tissue allografts,2
EOs,1
subepithelial tissue,1
formalinfixed placental tissues,1
Lymphoid architecture,1
thick-,1
mucosal viruses,1
esophageal-tracheal twin-lumen airway,1
endotracheal tube cuff,5
endotracheal tube cuffs,5
Kidney Pancreas,1
Mucosal epithelial,1
nervous tissues,2
tarsal joints,2
lung tissue sections,1
bronchiolar epithelial,1
cardiac blood,1
network structures,2
extracellular,1
GEA,3
smooth bromegrass pastures,2
esencial,2
Contact lens,1
nanofibers,1
edge,1
pleura,1
Cardiac Electrophysiology,1
Bronchoalveolar Lavage Specimen,1
CF centres,1
non-myelinated fibers,1
body fat,1
Right ventricular aneurysm,1
seed material,1
nose mucous membranes,1
cardiac CT,1
aortic valve,2
pre-iridal fibrovascular membranes,1
Pulmonary Tissue Leakiness,1
articular,3
ear oedemas,1
CBE,2
Disease network,1
CF viral,1
Lipid Molecules,1
intravascular endothelium,1
Keystone virus,1
small intestinal epithelium cells,1
alveolar interstitium,1
esophagus epithelium,1
conjunctival sac 2019ânCoV,1
conjunctival sac,1
nasal tissue A,1
testicular tissues,1
skeletal muscular,1
epicardial adipose tissue,1
conjunctival swab samples,2
cervix tissues,1
bronchoalveolar lavage fluids derived,1
Kidney tissues,2
tubulointerstitium,1
sub-territories,1
nasopharyngeal swab nucleic acid,1
subsegmental bronchial branches SUMMARYThe SARS-CoV-2,1
subsegmental bronchial branches,1
subsegmental bronchial branches ACE2,1
inner components,1
Small Airway Epithelia,1
tissue organs,1
Pulmonary infiltrates,2
Leguminosae,1
olfactory epithelial,1
HE structures,1
Covid-19 exponential growths,1
LNs,2
chemosensory tissue,1
gallbladder epithelium,1
testicular biopsy specimen,1
laryngeal tube,2
Cardiac Murmur,1
interventricular septum,1
cardiac vascular network,1
macrophage-fibroblast-cardiomyocyte network,1
Inter-lobular septal,1
juxta-lesional pulmonary vessels,1
heart tissues,2
RV,1
e-probes,1
Placental Tissues ABSTRACTZika virus,1
PPMs,2
extraembryonic endoderm,1
oral-,1
biofilms,1
tumor ECM,1
mucosal-associated tissues,1
airway eosinophils,2
post-cuprizone,1
breast milk samples,1
torpedo-shaped,1
COVID-19-epidemic,1
alveolar septum,2
pulmonary interstitial fibrosiswere,1
scp,1
embryonic dorsal root ganglion,1
demyelinated tissue,1
cranial,1
lymphoid organ chemokine,1
smooth membranes,1
small tubular elements,1
gastric epithelium,1
ocular surface epithelium,1
tubular network,2
tubular lipoprotein,1
CRC tissue,1
mammalian eye,2
cervical tissue,1
airbronchogram,1
nonneoplastic lung tissues,1
embryonic tissue,2
NPC tissues,1
embryonic egg,1
egg yolk antibody,1
brain tissue specimens,1
lymphatic endothelium,1
CF titers,1
short-circuited jejunal epithelium,1
intestinal villi,7
crypts,1
isolated jejunal villus enterocytes,2
crypt epithelium,5
intestinal brush border membranes,2
columnar absorptive epithelium,1
blunt villus apices,1
bronchovascular infiltrates,3
olfactory,1
CNS neurons,1
periarticular bone,1
subchondral bone marrow,1
haemato-lymphoid organs,1
tracheal cartilage,1
glutaraldehyde-treated sheep erythrocytes,1
inner capsid protein,1
inner kinetochore,1
formalin-fixed intestinal tissues,1
intestinal tissue samples,1
cage wall,1
salivary duct epithelium,1
maxillary aspirates,1
TFCs,4
lymphoid infiltrates,1
inner capsid layer,2
Mucosal Dimensions,1
PDAC tissues,2
peribronchial lymphoid cuffing,1
small smooth vesicles,1
alveolar lavage fluid,2
breast muscle,1
CNS intercellular,1
hepatic microvascular system,1
esophageal muscle,1
thoracic fluids,1
colonic epithelium,1
lamina propriae,1
marginal zone,6
hematopoietic tissue,1
ocular exudates,1
CNS Pathology,1
cord sera,5
cord serum,1
skeletons,1
ileal lamina propria) mononuclear cells,1
small intestinal villous,1
villous epithelial,1
myofascial,1
bronchial tissues,1
lamellae,1
sheaths,1
lungsasal turbinates,1
paraffin-embedded tissues,11
adult cows,1
Adipose,1
necrotic foci,2
endothelia,2
enterocyte brush,1
palisade,1
tissue filtrates,1
Inner structures,1
inner structures,1
inner membranous bag,1
inner bag,1
smooth intracellular membranes,1
bronchoalveolar lavage fluid (,1
fibrinocellular exudate,1
pannus,1
ear pinnae,1
adnexal skin structures,1
formalin-fixed intestinal specimens,1
subepithelial capillaries,1
mediator-sensitive postcapillary venules,1
corium,1
cryptal enterocytes,1
normal egg yolk,1
brown fat,1
lesional tissues,1
formalin-fixed intestines,1
CRC tissues,1
Rat,1
normal jejunal myoelectrical,1
aboral,1
tracheal tissue specimens,1
histocytic infiltrates,1
necrotic abomasal mucosa,1
Thymic epithelial,1
thymic epithelial,3
thymic epithelium,2
nasal mucosal surface,1
cryosections,1
near-baseline,1
interalveolar septa,1
columnar enterocytes,1
nodular lymphoid hyperplasia,1
cell epithelium,1
domes,1
Airway Epithelia,1
formalin-fixed ear,2
splenic tissues,1
adult microglia,2
parakeratinized epithelium,1
BN CNS,1
vacuolar wall,1
absorbtive intestinal epithelial cells,1
smooth-walled,1
hypertrophic crypts,1
spleen tissue specimens,2
periadventitial fat,3
adventitia,4
tissue transplants,1
tumor nodules,1
keratin-filled,1
subepithelial microvessels,1
airway subepithelial,1
tracheal lavage specimens,1
necrotic liver foci,1
shadows infiltrating,1
Circular externa,2
conjunctival sac swab,1
conjunctival sac swabs,2
NON-NCOVID-19,6
conjunctival epithelium,2
corneal endothelium,1
subjacent connective tissue,1
network architecture,2
adn anti-bacterial,1
pulmonary interstitium,2
area network,1
echelon,2
extra-pulmonary sites,1
vascular plasma,1
pleural tissue,1
renal tubular epithelium,1
mononuclear infiltrates,1
nerve terminal,1
tracheal cilia,2
host detrusor smooth muscle,1
BAMG,1
enteric tract cells,1
intercaruncular endometrial tissues,1
CNS,1
Tissue sections,2
A/Guangdong/1/2013 virus,1
large intestinal tissues,1
spinous,2
ninth thoracic vertebrae,1
T8 dorsal spinous,1
cardiac signal,1
fiducial,1
tracheal tissue,1
multiform ventricular,1
lymphoplasmocytic infiltrates,1
powder,2
placenta tissue,1
plastic-embedded material,1
intestinal tissue sections,1
nasopharyngeal samples,1
calibers,1
ocular mucosae,1
hopfield-like network,1
lung cells/tissues,1
colonic surface epithelium,1
tracheal mites,1
subcortical serotoninergic neurons,1
serotoninergic neurons,2
COVID-19 virus,1
sub-pleural,1
sinonasal mucosal tissue,1
popliteal lymph node,2
nerves,1
alveolar airspaces,1
egg yolk immunoglobulins,1
weighed tissues,1
duodenal tissues,1
epithelial secretory gland,1
small intestinal lamina propria,1
mesenteric lymph node leukocytes,1
cephalothorax tissue,1
lymphoid tissue microarchitecture,1
FIP tissues,1
Renal tissues,1
embryonic chorioallantoic membrane,1
extravascular marrow fat cell,1
fat necroses,1
glossy,1
nasal lavage fluids,1
digestive biopsy specimens,1
ER-bleb-like structures,1
periodontium,1
Peyer,1
para-carcinoma normal tissues,1
neural elements,1
capillary membranes,2
normal-appearing liver,1
Rheum emodi wall,1
Rheum,1
tonsillar crypts,1
Broncho alveolar lung lavage,1
BAL fluids,6
myelinated,1
sensory nerves innervating,1
somatosensory nerves innervating,1
CF pulmonary,1
mantle zones,2
periarteriolar lymphoid sheath,1
intestinal enterocyte,1
modular network layer,1
piglet ileum,1
Contact networks,2
glomerular capillary basement membranes,1
electron-dense,1
non-IPF interstitial lung,1
lung tissue consolidations,1
fetal immune,1
glomerular tufts,1
Cervical lymphoid tissue,1
broncho alveolar,1
vascular coat,1
blood-retinal barrier,1
fish tissue,2
visceral organs,1
Epithelial Barrier,1
inner canthus,4
unfixed tissues,1
conjunctival swab specimens,1
droplet secretions,1
focal node,1
circumferential,1
eosinophilic inflammatory infiltrate,1
germ tubes,1
multi-layer networks,1
cartilage/bone,1
ear swabs,3
lymphoreticular organs,1
droplet fallout,1
connective tissue like skin,1
Skin layer,1
capillary pores,1
experimentally-lesioned tissue,1
astrocytic glia limitans,1
lung tissue homogenates,1
large intestinal villous,2
BC matrix,1
endotracheal tubes,1
variola-specific,1
pectoral muscle samples,1
birdsâ tissues,1
Broncho alveolar lavage,1
extra-,1
ear drum IRT,1
mucoid,1
Tertiary lymphoid organs,1
ADMs,1
large intestinal epithelial cells,1
fat body,1
Soft Tissue Allografts Allografts,1
BarabÃ¡siâAlbert networks,1
short-circuited ileal epithelium,1
IEL compartment,1
embryonating eggs,1
Alveolar Capillary Dysplasia,1
Pulmonary Veins Who,1
alveolar capillary dysplasia,1
pulmonary veins,1
jejunal tissues,2
pollen tubes,1
pollen tube,1
microfiber-based,1
floret tissue,1
4-layer nanofiber,1
tissue ZIKV,1
internodal explants,1
aux1,2
87 tissue samples,1
single-layer network,1
alveolar sacs,1
cavitary infiltrates,1
iris epithelium,1
inner retina,1
dermal infiltrates,1
inflammatory infiltrates,1
ventricular ependyma,1
FOB-guided nasal tracheal,1
lamina propria PCV2-specific,1
RV species,1
intestine epithelium,1
Lung parenchymal,1
mediastinal tissue,1
ciliated epithelial,1
skeletal tissues,1
cage-like structures,1
LBM network maps,1
Hyacinth bulbs,1
Preparations,1
extruded,1
lymphocytic perivascular cuffs,1
parenchymatous organs,1
thoracostomy tube,1
brochoalveolar lavage fluid,1
bronchial smooth muscle spasm,1
necrotic crypts,1
inner dynein arm,2
CNS infiltrates,2
portal,1
placental tissue samples,1
adventitia tunica,1
biPSCs,1
capillary valves,2
CNS Viruses,1
Wheat streak mosaic virus,1
plant tissues,1
blood-tissue barrier,1
posterior lung,1
oedema area,1
vascular tunic,2
TCoV. Intestinal tissues,1
lymphnode tissue,1
Auerbach,1
solar ganglia,1
ear canals,1
Brain microvessels,1
pillar,3
Nasal tissue,1
scaled-DFT,1
lamina proprial compartments,1
velvetbean caterpillar,1
non-immunological tissues,1
gut epithelial mucosal surface,1
ganglion,1
trigeminal nerve endings,1
mucosal linings,1
villous epithelia,1
visceral,2
single-pass intestinal,1
pleomorphic viruses,1
plasmacytic,1
tracheal caseous exudate,1
high-density infiltrates,1
macrophage-rich tissues,1
tonsillar tissue,1
retina tissue,1
breast tissue,1
breast adenocarcinoma tissue,1
normal intestinal epithelial cells,1
bronchial walls,1
parenchymal lung tissue,1
skeletal muscle fiber,1
fibrocellular intra-alveolar,1
glomerula,1
CNS barrier,1
bronchiolar smooth muscle cells,1
perivascular lymphoplasmocytic infiltrates,1
bronchus-associated,1
egg yolk powder,2
mesenteric fat tissue,1
normal central nervous tissue,1
Î¶-potential,1
head-associated lymphoid tissues,2
Axillary,1
subjectsâ eye,1
hepatic infiltrates,1
esophageal tube,1
skeletal muscle EcSOD,1
Post-mortem tissue,1
bronchial epithelial,2
granular amphophilic cytoplasm,1
auricular swabs,1
parenchymal interstitial lesions,1
bronchial alveolar lavage,1
petal,2
pistil,1
ovary tissues,2
F. G. J.,1
lymphatic tissues,1
tubular epithelium,1
midline,1
tubular epithelia,1
lamina propria fragment cultures,1
NP nanoparticles,2
CF respiratory specimens,1
CF gastrointestinal tract,1
embryonic chorio-allantoic membrane,1
Mucosal epithelia,1
mucosaassociated lymphoid tissues,1
avascular fibrotic villi,1
episodes/year,2
presiÃ³n arterial,1
barrier structures,2
peripheral tissue,1
mammalian CNS,1
neural retina,1
retinal (Muller)-RPE cell cultures,1
bronchiolar-associated lymphoid tissue,1
nasal/oropharyngeal swabs,1
FFPE tissue,2
tentacular,1
sensory peripheral nerves,1
Ocular fluids,1
olfactory structures,1
encephalic trunk,1
adenotonsillar tissues,1
lymphoepithelial tissues,1
glomerular mesangium,1
inner zone,1
Tibialis anterior muscles,1
contractile,1
lung tissue extract,1
serum/lung tissue,2
MLN tissues,1
dromedary tissues,1
fibrous tissue,1
ventricular septum,1
Cu-doped TiO2/PU,1
cellular electrolyte,1
extrahepatic tissues,1
frontal area,1
layer chickens,1
inner capsid,1
capillary engorgement,1
fibrinoid material,1
eye mucous membranes,1
ectoderm,1
Lung Tissues,1
Leaf extracts,1
seed viruses,1
endotracheal tube aspirates,1
perihilar infiltrates,1
crypt epithelia,1
septal,1
ventricular,1
tissular,1
extraneural tissue,1
lymphohaematopoietic tissues,1
cerebellar sites,1
embryonic sac,1
CF pulmonary exacerbations,1
blod,1
ear fluids,1
feeder,1
tracheal tissue extracts,1
smooth muscle contraction,1
Formalin-Fixed Hearts,1
edible brown algae Ecklonia cava Phlorotannins,1
Breast milk,1
CF care,1
CF Centres,1
marginal zone B cells,1
normal red,1
neuro-immune network,1
Centers Network,1
quail tissues,1
CBNPs,1
entryâ,1
epithelial erosions,1
superficial lymphoid tissue,1
lung tissue slices,1
airway mucosal epithelium,1
Hypoxia-like tissue,1
FFPE samples,1
alveolar lining pneumocytes,1
focal skeletal muscle,1
pleural mesothelia,1
turbinate mucosal tissues,1
turbinate mucosae,1
Cardiac Death,1
placental syncytiotrophoblast layer,1
Kidney Grafts,1
nerve endings,1
pial surface,1
non-regenerating neural tissue,1
tube RTâPCR,1
mucociliary epithelium,1
ciliated cell-types,1
solid lipid microparticles,1
tissue biopsies,1
articular joint,1
smooth tubular transitional membranes,1
smooth tubular elements,1
terminal tissues,1
Molar,1
quadriceps muscle,1
endocrine pancreas,1
central tissues,1
peripheral tissues,1
KirkwoodâBuff,1
oral tissues,1
fish tissues,1
gill tissue,1
inner bark extract,1
ileum lamina propria,1
VAT,3
network tree,1
cerebellar tissue,1
adipose tissue mesenchymal stem cell,1
cardiac tissue specimens,1
enteritidis,1
mouth/nose,1
Lung tissue samples,1
lungs tissue,1
IMC,1
mint,1
outermost layer,1
brown-egg layers,1
tissue homogenate,2
pectoralis muscle,1
green tea polyphenol epigallocatechin gallate,1
placenta,1
A+V+ piglets,4
granular plasma,1
brown,1
extravascular lipid,1
villous height/crypt,1
Transplantable Tissue,1
allograft tissue transplants,1
allograft tissues,1
Avascular,1
trabeculae,1
carcass fat,1
fin buds,1
thymus grafts,1
Broncho Alveolar Lavage,1
CC tubes,1
fat] milk replacer,1
perivascular inflammatory infiltrates,1
prolapsed tissues,1
inner parts,1
follicular epithelium,1
Follicular architecture,1
parafollicular,1
airway lining fluid during,1
gut tissues,1
OE,1
vascular walls,1
muscular layer,1
cardiac muscles,1
Tracheobronchial Epithelium,1
mammary tissues,1
droplet particles,1
surrounding tissues,1
capillary tube,2
Microparticles,1
barrier species,1
enteric tissues,1
